--
-- PostgreSQL database dump
--

-- Dumped from database version 13.1 (Debian 13.1-1.pgdg100+1)
-- Dumped by pg_dump version 13.1 (Debian 13.1-1.pgdg100+1)

SET statement_timeout = 0;
SET lock_timeout = 0;
SET idle_in_transaction_session_timeout = 0;
SET client_encoding = 'UTF8';
SET standard_conforming_strings = on;
SELECT pg_catalog.set_config('search_path', '', false);
SET check_function_bodies = false;
SET xmloption = content;
SET client_min_messages = warning;
SET row_security = off;

--
-- Name: tiger; Type: SCHEMA; Schema: -; Owner: sip
--

CREATE SCHEMA tiger;


ALTER SCHEMA tiger OWNER TO sip;

--
-- Name: tiger_data; Type: SCHEMA; Schema: -; Owner: sip
--

CREATE SCHEMA tiger_data;


ALTER SCHEMA tiger_data OWNER TO sip;

--
-- Name: topology; Type: SCHEMA; Schema: -; Owner: sip
--

CREATE SCHEMA topology;


ALTER SCHEMA topology OWNER TO sip;

--
-- Name: SCHEMA topology; Type: COMMENT; Schema: -; Owner: sip
--

COMMENT ON SCHEMA topology IS 'PostGIS Topology schema';


--
-- Name: fuzzystrmatch; Type: EXTENSION; Schema: -; Owner: -
--

CREATE EXTENSION IF NOT EXISTS fuzzystrmatch WITH SCHEMA public;


--
-- Name: EXTENSION fuzzystrmatch; Type: COMMENT; Schema: -; Owner: 
--

COMMENT ON EXTENSION fuzzystrmatch IS 'determine similarities and distance between strings';


--
-- Name: postgis; Type: EXTENSION; Schema: -; Owner: -
--

CREATE EXTENSION IF NOT EXISTS postgis WITH SCHEMA public;


--
-- Name: EXTENSION postgis; Type: COMMENT; Schema: -; Owner: 
--

COMMENT ON EXTENSION postgis IS 'PostGIS geometry, geography, and raster spatial types and functions';


--
-- Name: postgis_tiger_geocoder; Type: EXTENSION; Schema: -; Owner: -
--

CREATE EXTENSION IF NOT EXISTS postgis_tiger_geocoder WITH SCHEMA tiger;


--
-- Name: EXTENSION postgis_tiger_geocoder; Type: COMMENT; Schema: -; Owner: 
--

COMMENT ON EXTENSION postgis_tiger_geocoder IS 'PostGIS tiger geocoder and reverse geocoder';


--
-- Name: postgis_topology; Type: EXTENSION; Schema: -; Owner: -
--

CREATE EXTENSION IF NOT EXISTS postgis_topology WITH SCHEMA topology;


--
-- Name: EXTENSION postgis_topology; Type: COMMENT; Schema: -; Owner: 
--

COMMENT ON EXTENSION postgis_topology IS 'PostGIS topology spatial types and functions';


SET default_tablespace = '';

SET default_table_access_method = heap;

--
-- Name: account_emailaddress; Type: TABLE; Schema: public; Owner: sip
--

CREATE TABLE public.account_emailaddress (
    id integer NOT NULL,
    email character varying(254) NOT NULL,
    verified boolean NOT NULL,
    "primary" boolean NOT NULL,
    user_id integer NOT NULL
);


ALTER TABLE public.account_emailaddress OWNER TO sip;

--
-- Name: account_emailaddress_id_seq; Type: SEQUENCE; Schema: public; Owner: sip
--

CREATE SEQUENCE public.account_emailaddress_id_seq
    AS integer
    START WITH 1
    INCREMENT BY 1
    NO MINVALUE
    NO MAXVALUE
    CACHE 1;


ALTER TABLE public.account_emailaddress_id_seq OWNER TO sip;

--
-- Name: account_emailaddress_id_seq; Type: SEQUENCE OWNED BY; Schema: public; Owner: sip
--

ALTER SEQUENCE public.account_emailaddress_id_seq OWNED BY public.account_emailaddress.id;


--
-- Name: account_emailconfirmation; Type: TABLE; Schema: public; Owner: sip
--

CREATE TABLE public.account_emailconfirmation (
    id integer NOT NULL,
    created timestamp with time zone NOT NULL,
    sent timestamp with time zone,
    key character varying(64) NOT NULL,
    email_address_id integer NOT NULL
);


ALTER TABLE public.account_emailconfirmation OWNER TO sip;

--
-- Name: account_emailconfirmation_id_seq; Type: SEQUENCE; Schema: public; Owner: sip
--

CREATE SEQUENCE public.account_emailconfirmation_id_seq
    AS integer
    START WITH 1
    INCREMENT BY 1
    NO MINVALUE
    NO MAXVALUE
    CACHE 1;


ALTER TABLE public.account_emailconfirmation_id_seq OWNER TO sip;

--
-- Name: account_emailconfirmation_id_seq; Type: SEQUENCE OWNED BY; Schema: public; Owner: sip
--

ALTER SEQUENCE public.account_emailconfirmation_id_seq OWNED BY public.account_emailconfirmation.id;


--
-- Name: aoi_aoi; Type: TABLE; Schema: public; Owner: sip
--

CREATE TABLE public.aoi_aoi (
    id integer NOT NULL,
    name character varying(200) NOT NULL,
    polygon public.geometry(Polygon,4326) NOT NULL,
    createdat timestamp with time zone NOT NULL,
    user_id integer NOT NULL,
    type integer NOT NULL,
    sentinel_hub_available_dates jsonb,
    sentinel_hub_available_dates_update_time timestamp with time zone,
    square_in_km double precision NOT NULL
);


ALTER TABLE public.aoi_aoi OWNER TO sip;

--
-- Name: aoi_aoi_id_seq; Type: SEQUENCE; Schema: public; Owner: sip
--

CREATE SEQUENCE public.aoi_aoi_id_seq
    AS integer
    START WITH 1
    INCREMENT BY 1
    NO MINVALUE
    NO MAXVALUE
    CACHE 1;


ALTER TABLE public.aoi_aoi_id_seq OWNER TO sip;

--
-- Name: aoi_aoi_id_seq; Type: SEQUENCE OWNED BY; Schema: public; Owner: sip
--

ALTER SEQUENCE public.aoi_aoi_id_seq OWNED BY public.aoi_aoi.id;


--
-- Name: aoi_component; Type: TABLE; Schema: public; Owner: sip
--

CREATE TABLE public.aoi_component (
    id integer NOT NULL,
    name character varying(200) NOT NULL,
    image character varying(400) NOT NULL,
    notebook_path character varying(200),
    kernel_name character varying(200),
    run_validation boolean NOT NULL,
    success boolean NOT NULL,
    additional_parameter character varying(100),
    run_on_gpu boolean NOT NULL,
    period_required boolean NOT NULL,
    command character varying(400),
    sentinel_google_api_key_required boolean NOT NULL,
    planet_api_key_required boolean NOT NULL,
    scihub_creds_required boolean NOT NULL,
    sentinel1_aws_creds_required boolean NOT NULL,
    basic_price numeric(9,2) NOT NULL,
    date_type integer NOT NULL,
    geoap_creds_required boolean NOT NULL,
    description character varying(400),
    description_picture character varying(100),
    domains character varying(15)[],
    detail_description_link character varying(400),
    google_bucket_input_data boolean NOT NULL,
    additional_parameter2 character varying(50)
);


ALTER TABLE public.aoi_component OWNER TO sip;

--
-- Name: aoi_jupyternotebook_id_seq; Type: SEQUENCE; Schema: public; Owner: sip
--

CREATE SEQUENCE public.aoi_jupyternotebook_id_seq
    AS integer
    START WITH 1
    INCREMENT BY 1
    NO MINVALUE
    NO MAXVALUE
    CACHE 1;


ALTER TABLE public.aoi_jupyternotebook_id_seq OWNER TO sip;

--
-- Name: aoi_jupyternotebook_id_seq; Type: SEQUENCE OWNED BY; Schema: public; Owner: sip
--

ALTER SEQUENCE public.aoi_jupyternotebook_id_seq OWNED BY public.aoi_component.id;


--
-- Name: aoi_request; Type: TABLE; Schema: public; Owner: sip
--

CREATE TABLE public.aoi_request (
    id integer NOT NULL,
    date_from date,
    date_to date,
    started_at timestamp with time zone,
    finished_at timestamp with time zone,
    error character varying(400),
    aoi_id integer,
    component_id integer NOT NULL,
    user_id integer NOT NULL,
    success boolean NOT NULL,
    polygon public.geometry(Polygon,4326) NOT NULL,
    calculated boolean NOT NULL,
    additional_parameter character varying(100),
    request_origin character varying(50) NOT NULL,
    user_readable_errors character varying(250)[],
    additional_parameter2 character varying(50)
);


ALTER TABLE public.aoi_request OWNER TO sip;

--
-- Name: aoi_request_id_seq; Type: SEQUENCE; Schema: public; Owner: sip
--

CREATE SEQUENCE public.aoi_request_id_seq
    AS integer
    START WITH 1
    INCREMENT BY 1
    NO MINVALUE
    NO MAXVALUE
    CACHE 1;


ALTER TABLE public.aoi_request_id_seq OWNER TO sip;

--
-- Name: aoi_request_id_seq; Type: SEQUENCE OWNED BY; Schema: public; Owner: sip
--

ALTER SEQUENCE public.aoi_request_id_seq OWNED BY public.aoi_request.id;


--
-- Name: aoi_transactionerrormessage; Type: TABLE; Schema: public; Owner: sip
--

CREATE TABLE public.aoi_transactionerrormessage (
    id integer NOT NULL,
    user_readable_error character varying(400),
    original_component_error character varying(400)
);


ALTER TABLE public.aoi_transactionerrormessage OWNER TO sip;

--
-- Name: aoi_transactionerrormessage_id_seq; Type: SEQUENCE; Schema: public; Owner: sip
--

CREATE SEQUENCE public.aoi_transactionerrormessage_id_seq
    AS integer
    START WITH 1
    INCREMENT BY 1
    NO MINVALUE
    NO MAXVALUE
    CACHE 1;


ALTER TABLE public.aoi_transactionerrormessage_id_seq OWNER TO sip;

--
-- Name: aoi_transactionerrormessage_id_seq; Type: SEQUENCE OWNED BY; Schema: public; Owner: sip
--

ALTER SEQUENCE public.aoi_transactionerrormessage_id_seq OWNED BY public.aoi_transactionerrormessage.id;


--
-- Name: auth_group; Type: TABLE; Schema: public; Owner: sip
--

CREATE TABLE public.auth_group (
    id integer NOT NULL,
    name character varying(150) NOT NULL
);


ALTER TABLE public.auth_group OWNER TO sip;

--
-- Name: auth_group_id_seq; Type: SEQUENCE; Schema: public; Owner: sip
--

CREATE SEQUENCE public.auth_group_id_seq
    AS integer
    START WITH 1
    INCREMENT BY 1
    NO MINVALUE
    NO MAXVALUE
    CACHE 1;


ALTER TABLE public.auth_group_id_seq OWNER TO sip;

--
-- Name: auth_group_id_seq; Type: SEQUENCE OWNED BY; Schema: public; Owner: sip
--

ALTER SEQUENCE public.auth_group_id_seq OWNED BY public.auth_group.id;


--
-- Name: auth_group_permissions; Type: TABLE; Schema: public; Owner: sip
--

CREATE TABLE public.auth_group_permissions (
    id integer NOT NULL,
    group_id integer NOT NULL,
    permission_id integer NOT NULL
);


ALTER TABLE public.auth_group_permissions OWNER TO sip;

--
-- Name: auth_group_permissions_id_seq; Type: SEQUENCE; Schema: public; Owner: sip
--

CREATE SEQUENCE public.auth_group_permissions_id_seq
    AS integer
    START WITH 1
    INCREMENT BY 1
    NO MINVALUE
    NO MAXVALUE
    CACHE 1;


ALTER TABLE public.auth_group_permissions_id_seq OWNER TO sip;

--
-- Name: auth_group_permissions_id_seq; Type: SEQUENCE OWNED BY; Schema: public; Owner: sip
--

ALTER SEQUENCE public.auth_group_permissions_id_seq OWNED BY public.auth_group_permissions.id;


--
-- Name: auth_permission; Type: TABLE; Schema: public; Owner: sip
--

CREATE TABLE public.auth_permission (
    id integer NOT NULL,
    name character varying(255) NOT NULL,
    content_type_id integer NOT NULL,
    codename character varying(100) NOT NULL
);


ALTER TABLE public.auth_permission OWNER TO sip;

--
-- Name: auth_permission_id_seq; Type: SEQUENCE; Schema: public; Owner: sip
--

CREATE SEQUENCE public.auth_permission_id_seq
    AS integer
    START WITH 1
    INCREMENT BY 1
    NO MINVALUE
    NO MAXVALUE
    CACHE 1;


ALTER TABLE public.auth_permission_id_seq OWNER TO sip;

--
-- Name: auth_permission_id_seq; Type: SEQUENCE OWNED BY; Schema: public; Owner: sip
--

ALTER SEQUENCE public.auth_permission_id_seq OWNED BY public.auth_permission.id;


--
-- Name: authtoken_token; Type: TABLE; Schema: public; Owner: sip
--

CREATE TABLE public.authtoken_token (
    key character varying(40) NOT NULL,
    created timestamp with time zone NOT NULL,
    user_id integer NOT NULL
);


ALTER TABLE public.authtoken_token OWNER TO sip;

--
-- Name: django_admin_log; Type: TABLE; Schema: public; Owner: sip
--

CREATE TABLE public.django_admin_log (
    id integer NOT NULL,
    action_time timestamp with time zone NOT NULL,
    object_id text,
    object_repr character varying(200) NOT NULL,
    action_flag smallint NOT NULL,
    change_message text NOT NULL,
    content_type_id integer,
    user_id integer NOT NULL,
    CONSTRAINT django_admin_log_action_flag_check CHECK ((action_flag >= 0))
);


ALTER TABLE public.django_admin_log OWNER TO sip;

--
-- Name: django_admin_log_id_seq; Type: SEQUENCE; Schema: public; Owner: sip
--

CREATE SEQUENCE public.django_admin_log_id_seq
    AS integer
    START WITH 1
    INCREMENT BY 1
    NO MINVALUE
    NO MAXVALUE
    CACHE 1;


ALTER TABLE public.django_admin_log_id_seq OWNER TO sip;

--
-- Name: django_admin_log_id_seq; Type: SEQUENCE OWNED BY; Schema: public; Owner: sip
--

ALTER SEQUENCE public.django_admin_log_id_seq OWNED BY public.django_admin_log.id;


--
-- Name: django_content_type; Type: TABLE; Schema: public; Owner: sip
--

CREATE TABLE public.django_content_type (
    id integer NOT NULL,
    app_label character varying(100) NOT NULL,
    model character varying(100) NOT NULL
);


ALTER TABLE public.django_content_type OWNER TO sip;

--
-- Name: django_content_type_id_seq; Type: SEQUENCE; Schema: public; Owner: sip
--

CREATE SEQUENCE public.django_content_type_id_seq
    AS integer
    START WITH 1
    INCREMENT BY 1
    NO MINVALUE
    NO MAXVALUE
    CACHE 1;


ALTER TABLE public.django_content_type_id_seq OWNER TO sip;

--
-- Name: django_content_type_id_seq; Type: SEQUENCE OWNED BY; Schema: public; Owner: sip
--

ALTER SEQUENCE public.django_content_type_id_seq OWNED BY public.django_content_type.id;


--
-- Name: django_migrations; Type: TABLE; Schema: public; Owner: sip
--

CREATE TABLE public.django_migrations (
    id integer NOT NULL,
    app character varying(255) NOT NULL,
    name character varying(255) NOT NULL,
    applied timestamp with time zone NOT NULL
);


ALTER TABLE public.django_migrations OWNER TO sip;

--
-- Name: django_migrations_id_seq; Type: SEQUENCE; Schema: public; Owner: sip
--

CREATE SEQUENCE public.django_migrations_id_seq
    AS integer
    START WITH 1
    INCREMENT BY 1
    NO MINVALUE
    NO MAXVALUE
    CACHE 1;


ALTER TABLE public.django_migrations_id_seq OWNER TO sip;

--
-- Name: django_migrations_id_seq; Type: SEQUENCE OWNED BY; Schema: public; Owner: sip
--

ALTER SEQUENCE public.django_migrations_id_seq OWNED BY public.django_migrations.id;


--
-- Name: django_session; Type: TABLE; Schema: public; Owner: sip
--

CREATE TABLE public.django_session (
    session_key character varying(40) NOT NULL,
    session_data text NOT NULL,
    expire_date timestamp with time zone NOT NULL
);


ALTER TABLE public.django_session OWNER TO sip;

--
-- Name: django_site; Type: TABLE; Schema: public; Owner: sip
--

CREATE TABLE public.django_site (
    id integer NOT NULL,
    domain character varying(100) NOT NULL,
    name character varying(50) NOT NULL
);


ALTER TABLE public.django_site OWNER TO sip;

--
-- Name: django_site_id_seq; Type: SEQUENCE; Schema: public; Owner: sip
--

CREATE SEQUENCE public.django_site_id_seq
    AS integer
    START WITH 1
    INCREMENT BY 1
    NO MINVALUE
    NO MAXVALUE
    CACHE 1;


ALTER TABLE public.django_site_id_seq OWNER TO sip;

--
-- Name: django_site_id_seq; Type: SEQUENCE OWNED BY; Schema: public; Owner: sip
--

ALTER SEQUENCE public.django_site_id_seq OWNED BY public.django_site.id;


--
-- Name: publisher_acl; Type: TABLE; Schema: public; Owner: sip
--

CREATE TABLE public.publisher_acl (
    id integer NOT NULL,
    restrict_projects_to character varying(20)[] NOT NULL,
    user_id integer NOT NULL
);


ALTER TABLE public.publisher_acl OWNER TO sip;

--
-- Name: publisher_acl_id_seq; Type: SEQUENCE; Schema: public; Owner: sip
--

CREATE SEQUENCE public.publisher_acl_id_seq
    AS integer
    START WITH 1
    INCREMENT BY 1
    NO MINVALUE
    NO MAXVALUE
    CACHE 1;


ALTER TABLE public.publisher_acl_id_seq OWNER TO sip;

--
-- Name: publisher_acl_id_seq; Type: SEQUENCE OWNED BY; Schema: public; Owner: sip
--

ALTER SEQUENCE public.publisher_acl_id_seq OWNED BY public.publisher_acl.id;


--
-- Name: publisher_result; Type: TABLE; Schema: public; Owner: sip
--

CREATE TABLE public.publisher_result (
    id integer NOT NULL,
    filepath character varying(200) NOT NULL,
    modifiedat timestamp with time zone NOT NULL,
    layer_type character varying(7) NOT NULL,
    bounding_polygon public.geometry(Polygon,4326) NOT NULL,
    rel_url character varying(400) NOT NULL,
    options jsonb,
    description text NOT NULL,
    released boolean NOT NULL,
    start_date date,
    end_date date,
    name character varying(200) NOT NULL,
    to_be_deleted boolean NOT NULL,
    request_id integer,
    styles_url character varying(400),
    labels jsonb,
    colormap jsonb
);


ALTER TABLE public.publisher_result OWNER TO sip;

--
-- Name: publisher_result_id_seq; Type: SEQUENCE; Schema: public; Owner: sip
--

CREATE SEQUENCE public.publisher_result_id_seq
    AS integer
    START WITH 1
    INCREMENT BY 1
    NO MINVALUE
    NO MAXVALUE
    CACHE 1;


ALTER TABLE public.publisher_result_id_seq OWNER TO sip;

--
-- Name: publisher_result_id_seq; Type: SEQUENCE OWNED BY; Schema: public; Owner: sip
--

ALTER SEQUENCE public.publisher_result_id_seq OWNED BY public.publisher_result.id;


--
-- Name: user_transaction; Type: TABLE; Schema: public; Owner: sip
--

CREATE TABLE public.user_transaction (
    id integer NOT NULL,
    amount numeric(9,2) NOT NULL,
    created_at timestamp with time zone NOT NULL,
    updated_at timestamp with time zone NOT NULL,
    comment text NOT NULL,
    completed boolean,
    request_id integer,
    user_id integer NOT NULL,
    rolled_back boolean,
    error character varying(400)
);


ALTER TABLE public.user_transaction OWNER TO sip;

--
-- Name: user_transaction_id_seq; Type: SEQUENCE; Schema: public; Owner: sip
--

CREATE SEQUENCE public.user_transaction_id_seq
    AS integer
    START WITH 1
    INCREMENT BY 1
    NO MINVALUE
    NO MAXVALUE
    CACHE 1;


ALTER TABLE public.user_transaction_id_seq OWNER TO sip;

--
-- Name: user_transaction_id_seq; Type: SEQUENCE OWNED BY; Schema: public; Owner: sip
--

ALTER SEQUENCE public.user_transaction_id_seq OWNED BY public.user_transaction.id;


--
-- Name: user_user; Type: TABLE; Schema: public; Owner: sip
--

CREATE TABLE public.user_user (
    id integer NOT NULL,
    password character varying(128) NOT NULL,
    last_login timestamp with time zone,
    is_superuser boolean NOT NULL,
    username character varying(150) NOT NULL,
    first_name character varying(150) NOT NULL,
    last_name character varying(150) NOT NULL,
    email character varying(254) NOT NULL,
    is_staff boolean NOT NULL,
    is_active boolean NOT NULL,
    date_joined timestamp with time zone NOT NULL,
    area_limit_ha integer,
    planet_api_key character varying(64),
    balance numeric(9,2),
    discount integer,
    on_hold numeric(9,2),
    is_trial_end_notified boolean NOT NULL,
    trial_finished_at timestamp with time zone,
    trial_started_at timestamp with time zone,
    receive_notification boolean NOT NULL,
    receive_news boolean NOT NULL,
    stone_google_folder character varying(64),
    units_of_measurement character varying(10) NOT NULL,
    country character varying(2) NOT NULL,
    CONSTRAINT user_user_discount_check CHECK ((discount >= 0))
);


ALTER TABLE public.user_user OWNER TO sip;

--
-- Name: user_user_groups; Type: TABLE; Schema: public; Owner: sip
--

CREATE TABLE public.user_user_groups (
    id integer NOT NULL,
    user_id integer NOT NULL,
    group_id integer NOT NULL
);


ALTER TABLE public.user_user_groups OWNER TO sip;

--
-- Name: user_user_groups_id_seq; Type: SEQUENCE; Schema: public; Owner: sip
--

CREATE SEQUENCE public.user_user_groups_id_seq
    AS integer
    START WITH 1
    INCREMENT BY 1
    NO MINVALUE
    NO MAXVALUE
    CACHE 1;


ALTER TABLE public.user_user_groups_id_seq OWNER TO sip;

--
-- Name: user_user_groups_id_seq; Type: SEQUENCE OWNED BY; Schema: public; Owner: sip
--

ALTER SEQUENCE public.user_user_groups_id_seq OWNED BY public.user_user_groups.id;


--
-- Name: user_user_id_seq; Type: SEQUENCE; Schema: public; Owner: sip
--

CREATE SEQUENCE public.user_user_id_seq
    AS integer
    START WITH 1
    INCREMENT BY 1
    NO MINVALUE
    NO MAXVALUE
    CACHE 1;


ALTER TABLE public.user_user_id_seq OWNER TO sip;

--
-- Name: user_user_id_seq; Type: SEQUENCE OWNED BY; Schema: public; Owner: sip
--

ALTER SEQUENCE public.user_user_id_seq OWNED BY public.user_user.id;


--
-- Name: user_user_user_permissions; Type: TABLE; Schema: public; Owner: sip
--

CREATE TABLE public.user_user_user_permissions (
    id integer NOT NULL,
    user_id integer NOT NULL,
    permission_id integer NOT NULL
);


ALTER TABLE public.user_user_user_permissions OWNER TO sip;

--
-- Name: user_user_user_permissions_id_seq; Type: SEQUENCE; Schema: public; Owner: sip
--

CREATE SEQUENCE public.user_user_user_permissions_id_seq
    AS integer
    START WITH 1
    INCREMENT BY 1
    NO MINVALUE
    NO MAXVALUE
    CACHE 1;


ALTER TABLE public.user_user_user_permissions_id_seq OWNER TO sip;

--
-- Name: user_user_user_permissions_id_seq; Type: SEQUENCE OWNED BY; Schema: public; Owner: sip
--

ALTER SEQUENCE public.user_user_user_permissions_id_seq OWNED BY public.user_user_user_permissions.id;


--
-- Name: waffle_flag; Type: TABLE; Schema: public; Owner: sip
--

CREATE TABLE public.waffle_flag (
    id integer NOT NULL,
    name character varying(100) NOT NULL,
    everyone boolean,
    percent numeric(3,1),
    testing boolean NOT NULL,
    superusers boolean NOT NULL,
    staff boolean NOT NULL,
    authenticated boolean NOT NULL,
    languages text NOT NULL,
    rollout boolean NOT NULL,
    note text NOT NULL,
    created timestamp with time zone NOT NULL,
    modified timestamp with time zone NOT NULL
);


ALTER TABLE public.waffle_flag OWNER TO sip;

--
-- Name: waffle_flag_groups; Type: TABLE; Schema: public; Owner: sip
--

CREATE TABLE public.waffle_flag_groups (
    id integer NOT NULL,
    flag_id integer NOT NULL,
    group_id integer NOT NULL
);


ALTER TABLE public.waffle_flag_groups OWNER TO sip;

--
-- Name: waffle_flag_groups_id_seq; Type: SEQUENCE; Schema: public; Owner: sip
--

CREATE SEQUENCE public.waffle_flag_groups_id_seq
    AS integer
    START WITH 1
    INCREMENT BY 1
    NO MINVALUE
    NO MAXVALUE
    CACHE 1;


ALTER TABLE public.waffle_flag_groups_id_seq OWNER TO sip;

--
-- Name: waffle_flag_groups_id_seq; Type: SEQUENCE OWNED BY; Schema: public; Owner: sip
--

ALTER SEQUENCE public.waffle_flag_groups_id_seq OWNED BY public.waffle_flag_groups.id;


--
-- Name: waffle_flag_id_seq; Type: SEQUENCE; Schema: public; Owner: sip
--

CREATE SEQUENCE public.waffle_flag_id_seq
    AS integer
    START WITH 1
    INCREMENT BY 1
    NO MINVALUE
    NO MAXVALUE
    CACHE 1;


ALTER TABLE public.waffle_flag_id_seq OWNER TO sip;

--
-- Name: waffle_flag_id_seq; Type: SEQUENCE OWNED BY; Schema: public; Owner: sip
--

ALTER SEQUENCE public.waffle_flag_id_seq OWNED BY public.waffle_flag.id;


--
-- Name: waffle_flag_users; Type: TABLE; Schema: public; Owner: sip
--

CREATE TABLE public.waffle_flag_users (
    id integer NOT NULL,
    flag_id integer NOT NULL,
    user_id integer NOT NULL
);


ALTER TABLE public.waffle_flag_users OWNER TO sip;

--
-- Name: waffle_flag_users_id_seq; Type: SEQUENCE; Schema: public; Owner: sip
--

CREATE SEQUENCE public.waffle_flag_users_id_seq
    AS integer
    START WITH 1
    INCREMENT BY 1
    NO MINVALUE
    NO MAXVALUE
    CACHE 1;


ALTER TABLE public.waffle_flag_users_id_seq OWNER TO sip;

--
-- Name: waffle_flag_users_id_seq; Type: SEQUENCE OWNED BY; Schema: public; Owner: sip
--

ALTER SEQUENCE public.waffle_flag_users_id_seq OWNED BY public.waffle_flag_users.id;


--
-- Name: waffle_sample; Type: TABLE; Schema: public; Owner: sip
--

CREATE TABLE public.waffle_sample (
    id integer NOT NULL,
    name character varying(100) NOT NULL,
    percent numeric(4,1) NOT NULL,
    note text NOT NULL,
    created timestamp with time zone NOT NULL,
    modified timestamp with time zone NOT NULL
);


ALTER TABLE public.waffle_sample OWNER TO sip;

--
-- Name: waffle_sample_id_seq; Type: SEQUENCE; Schema: public; Owner: sip
--

CREATE SEQUENCE public.waffle_sample_id_seq
    AS integer
    START WITH 1
    INCREMENT BY 1
    NO MINVALUE
    NO MAXVALUE
    CACHE 1;


ALTER TABLE public.waffle_sample_id_seq OWNER TO sip;

--
-- Name: waffle_sample_id_seq; Type: SEQUENCE OWNED BY; Schema: public; Owner: sip
--

ALTER SEQUENCE public.waffle_sample_id_seq OWNED BY public.waffle_sample.id;


--
-- Name: waffle_switch; Type: TABLE; Schema: public; Owner: sip
--

CREATE TABLE public.waffle_switch (
    id integer NOT NULL,
    name character varying(100) NOT NULL,
    active boolean NOT NULL,
    note text NOT NULL,
    created timestamp with time zone NOT NULL,
    modified timestamp with time zone NOT NULL
);


ALTER TABLE public.waffle_switch OWNER TO sip;

--
-- Name: waffle_switch_id_seq; Type: SEQUENCE; Schema: public; Owner: sip
--

CREATE SEQUENCE public.waffle_switch_id_seq
    AS integer
    START WITH 1
    INCREMENT BY 1
    NO MINVALUE
    NO MAXVALUE
    CACHE 1;


ALTER TABLE public.waffle_switch_id_seq OWNER TO sip;

--
-- Name: waffle_switch_id_seq; Type: SEQUENCE OWNED BY; Schema: public; Owner: sip
--

ALTER SEQUENCE public.waffle_switch_id_seq OWNED BY public.waffle_switch.id;


--
-- Name: account_emailaddress id; Type: DEFAULT; Schema: public; Owner: sip
--

ALTER TABLE ONLY public.account_emailaddress ALTER COLUMN id SET DEFAULT nextval('public.account_emailaddress_id_seq'::regclass);


--
-- Name: account_emailconfirmation id; Type: DEFAULT; Schema: public; Owner: sip
--

ALTER TABLE ONLY public.account_emailconfirmation ALTER COLUMN id SET DEFAULT nextval('public.account_emailconfirmation_id_seq'::regclass);


--
-- Name: aoi_aoi id; Type: DEFAULT; Schema: public; Owner: sip
--

ALTER TABLE ONLY public.aoi_aoi ALTER COLUMN id SET DEFAULT nextval('public.aoi_aoi_id_seq'::regclass);


--
-- Name: aoi_component id; Type: DEFAULT; Schema: public; Owner: sip
--

ALTER TABLE ONLY public.aoi_component ALTER COLUMN id SET DEFAULT nextval('public.aoi_jupyternotebook_id_seq'::regclass);


--
-- Name: aoi_request id; Type: DEFAULT; Schema: public; Owner: sip
--

ALTER TABLE ONLY public.aoi_request ALTER COLUMN id SET DEFAULT nextval('public.aoi_request_id_seq'::regclass);


--
-- Name: aoi_transactionerrormessage id; Type: DEFAULT; Schema: public; Owner: sip
--

ALTER TABLE ONLY public.aoi_transactionerrormessage ALTER COLUMN id SET DEFAULT nextval('public.aoi_transactionerrormessage_id_seq'::regclass);


--
-- Name: auth_group id; Type: DEFAULT; Schema: public; Owner: sip
--

ALTER TABLE ONLY public.auth_group ALTER COLUMN id SET DEFAULT nextval('public.auth_group_id_seq'::regclass);


--
-- Name: auth_group_permissions id; Type: DEFAULT; Schema: public; Owner: sip
--

ALTER TABLE ONLY public.auth_group_permissions ALTER COLUMN id SET DEFAULT nextval('public.auth_group_permissions_id_seq'::regclass);


--
-- Name: auth_permission id; Type: DEFAULT; Schema: public; Owner: sip
--

ALTER TABLE ONLY public.auth_permission ALTER COLUMN id SET DEFAULT nextval('public.auth_permission_id_seq'::regclass);


--
-- Name: django_admin_log id; Type: DEFAULT; Schema: public; Owner: sip
--

ALTER TABLE ONLY public.django_admin_log ALTER COLUMN id SET DEFAULT nextval('public.django_admin_log_id_seq'::regclass);


--
-- Name: django_content_type id; Type: DEFAULT; Schema: public; Owner: sip
--

ALTER TABLE ONLY public.django_content_type ALTER COLUMN id SET DEFAULT nextval('public.django_content_type_id_seq'::regclass);


--
-- Name: django_migrations id; Type: DEFAULT; Schema: public; Owner: sip
--

ALTER TABLE ONLY public.django_migrations ALTER COLUMN id SET DEFAULT nextval('public.django_migrations_id_seq'::regclass);


--
-- Name: django_site id; Type: DEFAULT; Schema: public; Owner: sip
--

ALTER TABLE ONLY public.django_site ALTER COLUMN id SET DEFAULT nextval('public.django_site_id_seq'::regclass);


--
-- Name: publisher_acl id; Type: DEFAULT; Schema: public; Owner: sip
--

ALTER TABLE ONLY public.publisher_acl ALTER COLUMN id SET DEFAULT nextval('public.publisher_acl_id_seq'::regclass);


--
-- Name: publisher_result id; Type: DEFAULT; Schema: public; Owner: sip
--

ALTER TABLE ONLY public.publisher_result ALTER COLUMN id SET DEFAULT nextval('public.publisher_result_id_seq'::regclass);


--
-- Name: user_transaction id; Type: DEFAULT; Schema: public; Owner: sip
--

ALTER TABLE ONLY public.user_transaction ALTER COLUMN id SET DEFAULT nextval('public.user_transaction_id_seq'::regclass);


--
-- Name: user_user id; Type: DEFAULT; Schema: public; Owner: sip
--

ALTER TABLE ONLY public.user_user ALTER COLUMN id SET DEFAULT nextval('public.user_user_id_seq'::regclass);


--
-- Name: user_user_groups id; Type: DEFAULT; Schema: public; Owner: sip
--

ALTER TABLE ONLY public.user_user_groups ALTER COLUMN id SET DEFAULT nextval('public.user_user_groups_id_seq'::regclass);


--
-- Name: user_user_user_permissions id; Type: DEFAULT; Schema: public; Owner: sip
--

ALTER TABLE ONLY public.user_user_user_permissions ALTER COLUMN id SET DEFAULT nextval('public.user_user_user_permissions_id_seq'::regclass);


--
-- Name: waffle_flag id; Type: DEFAULT; Schema: public; Owner: sip
--

ALTER TABLE ONLY public.waffle_flag ALTER COLUMN id SET DEFAULT nextval('public.waffle_flag_id_seq'::regclass);


--
-- Name: waffle_flag_groups id; Type: DEFAULT; Schema: public; Owner: sip
--

ALTER TABLE ONLY public.waffle_flag_groups ALTER COLUMN id SET DEFAULT nextval('public.waffle_flag_groups_id_seq'::regclass);


--
-- Name: waffle_flag_users id; Type: DEFAULT; Schema: public; Owner: sip
--

ALTER TABLE ONLY public.waffle_flag_users ALTER COLUMN id SET DEFAULT nextval('public.waffle_flag_users_id_seq'::regclass);


--
-- Name: waffle_sample id; Type: DEFAULT; Schema: public; Owner: sip
--

ALTER TABLE ONLY public.waffle_sample ALTER COLUMN id SET DEFAULT nextval('public.waffle_sample_id_seq'::regclass);


--
-- Name: waffle_switch id; Type: DEFAULT; Schema: public; Owner: sip
--

ALTER TABLE ONLY public.waffle_switch ALTER COLUMN id SET DEFAULT nextval('public.waffle_switch_id_seq'::regclass);


--
-- Data for Name: account_emailaddress; Type: TABLE DATA; Schema: public; Owner: sip
--

COPY public.account_emailaddress (id, email, verified, "primary", user_id) FROM stdin;
1	tester@gmail.com	t	t	2
2	admin@localhost	t	t	1
\.


--
-- Data for Name: account_emailconfirmation; Type: TABLE DATA; Schema: public; Owner: sip
--

COPY public.account_emailconfirmation (id, created, sent, key, email_address_id) FROM stdin;
\.


--
-- Data for Name: aoi_aoi; Type: TABLE DATA; Schema: public; Owner: sip
--

COPY public.aoi_aoi (id, name, polygon, createdat, user_id, type, sentinel_hub_available_dates, sentinel_hub_available_dates_update_time, square_in_km) FROM stdin;
1	test AOI 1	0103000020E6100000010000000A000000000000E03C2B42401C4205E84A07494000000060FC274240FEDC03992807494000000060A227424051CE9070C805494000000090262842406B5C887E8104494000000080612A4240651E4883E203494000000000482D42408D0670CEFB034940FFFFFFCF582E424042DC7A7458054940000000E0DF2D4240390E400EBE06494000000040F92C424007504EEF53074940000000E03C2B42401C4205E84A074940	2021-01-19 08:05:10.911355+00	2	1	\N	\N	9.36601917
3	test AOI 2	0103000020E6100000010000000A00000000000040722C4240A4A80862E5D2484000000000B11E42404CC57E1EE0D0484000000080621A4240EE886E5812C9484000000080D81C424098F7EAE966C04840000000C0802542407536B0B049C04840000000C03C2D4240956698BA99C148400000000004354240888FB33823C54840000000C0BA3642404DCD657B78C94840000000C009334240A54D643098CF484000000040722C4240A4A80862E5D24840	2021-01-19 08:40:55.530592+00	2	1	\N	\N	196.96809404
4	test AOI 3	0103000020E610000001000000080000000000004094A14140748B3DEAC80C494000000040139B41400249E498AB0A4940000000005797414055CEB8E041074940000000C0569B4140A6EEF00964034940FFFFFFBF5EA24140AF70CA44EA04494000000000B3A441407C156B50950849400000000059A441403D384AA8100B49400000004094A14140748B3DEAC80C4940	2021-01-19 08:41:35.322398+00	2	1	\N	\N	38.89646583
5	test AOI 4	0103000020E6100000010000000A00000004EBF4DBC28A424011B97BC173A34840BFF2F4DB1A7E4240C255C4FD26A848401EF8F4DB237542408207202FE9A34840B7F7F4DBD775424065F2D48CF09648405BF4F4DB4A7B4240A025DBBCD8904840BAEEF4DB22854240081C042AED8F48409DE0F4DB839C424037A2982EF6904840DADCF4DBAAA24240FB9BB8083A9248400DDDF4DB50A24240038DB49FBF9E484004EBF4DBC28A424011B97BC173A34840	2021-02-03 13:52:02.484241+00	2	1	\N	\N	407.85818178
6	stone_test_area_1	0103000020E610000001000000BD0000007EE5417A8A5D59C0DA8CD310558A4940079B3A8F8A5D59C0B3614D65518A4940E3C4573B8A5D59C0B0743E3C4B8A4940A8ACA6EB895D59C014E97E4E418A49406825ADF8865D59C060E4654D2C8A4940AA622AFD845D59C0D82B2CB81F8A4940D3DB9F8B865D59C041F50F22198A4940BA4BE2AC885D59C054C8957A168A494035B742588D5D59C079060DFD138A494036221807975D59C05C21ACC6128A494055DAE21A9F5D59C0E5F04927128A49403BFC3559A35D59C0397F130A118A4940506EDBF7A85D59C0030AF5F4118A4940E8BE9CD9AE5D59C0C80BE9F0108A4940CD920035B55D59C06937FA980F8A4940ACA92C0ABB5D59C0B56CAD2F128A4940452E3883BF5D59C0D7DAFB54158A4940E23B31EBC55D59C0CF4D9B711A8A49407BC03C64CA5D59C0A31EA2D11D8A4940C6C1A563CE5D59C0C7F484251E8A494076887FD8D25D59C0A31EA2D11D8A49402EABB019E05D59C0817C09151C8A4940BA675DA3E55D59C09E95B4E21B8A49404CFBE6FEEA5D59C0DF50F86C1D8A494009A4C4AEED5D59C002F390291F8A494049111956F15D59C0E4D9E55B1F8A4940D61BB5C2F45D59C0AF9811DE1E8A49403AADDBA0F65D59C0C26B97361C8A4940E04735ECF75D59C071ADF6B0178A49409F3E027FF85D59C075B169A5108A4940395FECBDF85D59C0253E7782FD894940939048DBF85D59C0FF5D9F39EB89494010B22C98F85D59C05F605628D2894940CEA8F92AF95D59C0902FA182C38949407A34D593F95D59C0E3E13D0796894940B075A911FA5D59C0EF552B137E894940939048DBF85D59C0585359147689494069FD2D01F85D59C08CDB68006F894940533D997FF45D59C033C4B12E6E89494003999D45EF5D59C0BC934F8F6D8949405FCE6C57E85D59C05C57CC086F894940FDBE7FF3E25D59C02C9FE57970894940923CD7F7E15D59C0B88FDC9A74894940E10D6954E05D59C0F1F109D979894940A643A7E7DD5D59C0FC372F4E7C8949408A929048DB5D59C042B0AA5E7E894940F69672BED85D59C05B0C1EA67D8949401CEF8E8CD55D59C0FED30D1478894940E25817B7D15D59C0EEB3CA4C69894940A774B0FECF5D59C071C630276889494027327381CB5D59C0C520B072688949401AA88C7F9F5D59C0A59F70766B8949407B6649809A5D59C0C97553CA6B8949408F537424975D59C075E789E76C89494007D2C5A6955D59C0384D9F1D708949407E1CCD91955D59C06BF294D57489494041B62C5F975D59C08A90BA9D7D8949404034F3E49A5D59C0DF6FB4E386894940ECBFCE4D9B5D59C060E63BF889894940B1DB6795995D59C0588D25AC8D894940C02500FF945D59C05E4A5D328E8949405CC823B8915D59C094BF7B478D8949405CC823B8915D59C0234C512E8D8949409F39EB538E5D59C07EFFE6C5898949403B8E1F2A8D5D59C08D7DC9C683894940B45A608F895D59C0F225547078894940C022BF7E885D59C08A73D4D171894940FD885FB1865D59C02159C0046E89494015191D90845D59C039B5334C6D894940BE839F38805D59C057CEDE196D89494039B874CC795D59C057CEDE196D894940D68EE21C755D59C0CEFE40B96D894940CAFACDC4745D59C0CEFE40B96D894940300E2E1D735D59C0AF7D01BD70894940E9616875725D59C0A724EB70748949400D6C9560715D59C0DE1E84807C894940A3E9EC64705D59C009371955868949407A7077D66E5D59C0952710768A894940F2EEC8586D5D59C0BE86E0B88C894940763579CA6A5D59C0938B31B08E894940ADF886C2675D59C045BA9F53908949408010C990635D59C0C1A73979918949402DD0EE90625D59C002637D039389494016C26A2C615D59C09ACDE33098894940889D29745E5D59C06D3656629E89494025404D2D5B5D59C0A7CCCD37A2894940A4E36A64575D59C054724EECA1894940A22AA6D24F5D59C061545227A0894940F8544E7B4A5D59C01ADCD6169E8949409F71E140485D59C0028063CF9E894940C6FD47A6435D59C059FB3BDBA3894940C9E7154F3D5D59C09C6F44F7AC894940B2D991EA3B5D59C0535BEA20AF8949401F12BEF7375D59C01DE6CB0BB08949408C4AEA04345D59C08E59F624B089494013471E882C5D59C0F165A208A9894940583A1F9E255D59C090D8EE1EA0894940849D62D5205D59C034A0DE8C9A8949403882548A1D5D59C029266F80998949400B9A9658195D59C094DC6113998949406C0A6476165D59C0E01115AA9B89494079060DFD135D59C097FDBAD39D894940D9429083125D59C0E9EFA5F0A0894940FD4CBD6E115D59C01DC9E53FA48949402DEBFEB1105D59C06FBBD05CA78949407CF0DAA50D5D59C0088ECBB8A9894940B4E73235095D59C02C64AE0CAA8949402DE8BD31045D59C0C8D2872EA88949405917B7D1005D59C0170CAEB9A3894940A96A82A8FB5C59C066C0594A9689494080F10C1AFA5C59C02C2AE27492894940BD8BF7E3F65C59C04A438D4292894940685E0EBBEF5C59C090BB085394894940419B1C3EE95C59C07DE882FA96894940AED3484BE55C59C07DE882FA96894940D576137CD35C59C0ACCABE2B82894940EA9788B7CE5C59C0554FE61F7D89494079245E9ECE5C59C0317903CC7C8949403A1F9E25C85C59C06669A7E672894940DD989EB0C45C59C0737FF5B86F89494044FAEDEBC05C59C09E7AA4C16D894940761A69A9BC5C59C0B6D617096D8949402F6EA301BC5C59C0B6D617096D89494078D0ECBAB75C59C09E7AA4C16D894940BC5B59A2B35C59C0BB5F05F86E894940FFE6C589AF5C59C0329067976F894940F0FD0DDAAB5C59C05D8B16A06D89494055DD239BAB5C59C00A3197546D894940041F8315A75C59C0580229B16B894940AF0B3F389F5C59C062484E266E894940BE892139995C59C0329067976F894940251FBB0B945C59C008C9022670894940333509DE905C59C0F8C5A52A6D894940E1421EC18D5C59C0469737876B89494025CE8AA8895C59C0469737876B8949407842AF3F895C59C0469737876B89494074ED0BE8855C59C087527B116D894940B153AC1A845C59C0EAAF57587089494004C8D0B1835C59C0117349D57689494004C8D0B1835C59C082E673EE7689494098F738D3845C59C06C770FD07D89494091D26C1E875C59C0D591239D818949401A886533875C59C029ECA2E8818949409C189293895C59C07521567F84894940A1BB24CE8A5C59C07F677BF4868949405AF5B9DA8A5C59C0B30C71AC8B8949405AF5B9DA8A5C59C01C2785798F89494078280AF4895C59C06DE525FF9389494014CB2DAD865C59C0C460FE0A99894940753BFBCA835C59C0083D9B559F8949407521567F845C59C020B58993FB894940DA006C40845C59C0A54C6A68038A49405DF92CCF835C59C09818CBF44B8A4940639CBF09855C59C0FA0D130D528A49401A6EC0E7875C59C02DB308C5568A494024B4E55C8A5C59C05089EB18578A49401536035C905C59C03370404B578A49404CE2AC889A5C59C0C2FC1532578A49400D37E0F3C35C59C021054F21578A4940BB7B80EECB5C59C0FD2E6CCD568A4940A626C11BD25C59C08CBB41B4568A4940C3D7D7BAD45C59C0C23060C9558A49407F32C687D95C59C082751C3F548A4940191F662FDB5C59C005888219538A49404E603AADDB5C59C0D90759164C8A4940FBEB1516DC5C59C0AC53E57B468A4940D6E1E82ADD5C59C034812216318A4940C442AD69DE5C59C095F1EF332E8A494004CAA65CE15C59C0CDCEA2772A8A494091EEE714E45C59C0E52A16BF298A4940E9D1544FE65C59C0B4722F302B8A4940A1A3552DE95C59C0653909A52F8A4940F838D384ED5C59C0B648DA8D3E8A4940F70489EDEE5C59C0FD1186014B8A4940A2427573F15C59C06919A9F7548A49404D327216F65C59C009A9DBD9578A494041D5E8D5005D59C009A9DBD9578A49409B3DD00A0C5D59C0382D78D1578A4940103D29931A5D59C0382D78D1578A494022FC8BA0315D59C021054F21578A494001193A76505D59C068B114C9578A4940A3957B81595D59C0632827DA558A49405F0A0F9A5D5D59C0873254C5548A4940B0C8AF1F625D59C07DEC2E50528A49400892770E655D59C0B81E85EB518A49409B73F04C685D59C0A54BFF92548A494068EBE0606F5D59C0732B84D5588A4940E412471E885D59C07FD93D79588A49407EE5417A8A5D59C0DA8CD310558A4940	2025-03-06 08:44:03.409504+00	1	1	\N	\N	1.03080787
\.


--
-- Data for Name: aoi_component; Type: TABLE DATA; Schema: public; Owner: sip
--

COPY public.aoi_component (id, name, image, notebook_path, kernel_name, run_validation, success, additional_parameter, run_on_gpu, period_required, command, sentinel_google_api_key_required, planet_api_key_required, scihub_creds_required, sentinel1_aws_creds_required, basic_price, date_type, geoap_creds_required, description, description_picture, domains, detail_description_link, google_bucket_input_data, additional_parameter2) FROM stdin;
1	example_geojson	sip_jupyter:latest	work/notebooks/example/geojson.ipynb	python37	t	t	\N	t	t	\N	f	f	f	f	0.00	2	f	\N	\N	\N	\N	f	\N
7	TCI_NDVI	registry.quantumobile.co/sip_jupyter:latest	work/notebooks/example/tci_ndvi/TCI_NDVI.ipynb	python37	t	t	\N	f	t	\N	t	f	f	f	0.00	2	f	\N	\N	\N	\N	f	\N
5	Test1_Execution	sip_jupyter:latest	work/notebooks/test/Test1_Execution.ipynb	python37	t	t	\N	t	t	\N	f	f	f	f	0.00	2	f	\N	\N	\N	\N	f	\N
3	test_geojson	sip_jupyter:latest	work/notebooks/test/test_geojson.ipynb	python37	t	t	\N	t	t	\N	f	f	f	f	0.00	2	f	\N	\N	\N	\N	f	\N
2	example_geotiff	sip_jupyter:latest	work/notebooks/example/geotiff.ipynb	python37	t	t	\N	t	f	\N	f	f	f	f	0.00	2	f	\N	\N	\N	\N	f	\N
6	Test2_Execution	sip_jupyter:latest	work/notebooks/test/Test2_Execution.ipynb	python37	t	t	\N	t	f	\N	f	f	f	f	0.00	2	f	\N	\N	\N	\N	f	\N
4	test_geotiff	ndvi_jupyter:latest	work/notebooks/test/test_geotiff.ipynb	python3	t	f	\N	t	f	\N	f	f	f	f	0.00	2	f	\N	\N	\N	\N	f	\N
8	Stone Detection	quantumobile/remote_executor	\N	\N	t	t	GOOGLE_BUCKET_PATH	f	f	\N	f	f	f	f	0.00	2	t	Detects stones in the image. Assigns a coordinate to each detected stone.		{}	\N	t	MIN_STONE_SIZE
9	Stone Detection Extract Coordinates	quantumobile/remote_executor	\N	\N	t	t	GOOGLE_BUCKET_PATH	f	f	\N	f	f	f	f	0.00	2	t	\N		{}	\N	t	\N
\.


--
-- Data for Name: aoi_request; Type: TABLE DATA; Schema: public; Owner: sip
--

COPY public.aoi_request (id, date_from, date_to, started_at, finished_at, error, aoi_id, component_id, user_id, success, polygon, calculated, additional_parameter, request_origin, user_readable_errors, additional_parameter2) FROM stdin;
1	2021-01-01	2021-01-19	2021-01-19 08:10:00+00	2021-01-19 08:20:00+00	\N	1	3	2	f	0103000020E6100000010000000A000000000000E03C2B42401C4205E84A07494000000060FC274240FEDC03992807494000000060A227424051CE9070C805494000000090262842406B5C887E8104494000000080612A4240651E4883E203494000000000482D42408D0670CEFB034940FFFFFFCF582E424042DC7A7458054940000000E0DF2D4240390E400EBE06494000000040F92C424007504EEF53074940000000E03C2B42401C4205E84A074940	f	\N	https://portal.soilmate.ai/	\N	\N
3	2020-12-01	2020-12-26	2021-01-19 08:45:01+00	2021-01-19 08:45:02+00	Cannot calculate results to this AOI	4	4	2	f	0103000020E610000001000000080000000000004094A14140748B3DEAC80C494000000040139B41400249E498AB0A4940000000005797414055CEB8E041074940000000C0569B4140A6EEF00964034940FFFFFFBF5EA24140AF70CA44EA04494000000000B3A441407C156B50950849400000000059A441403D384AA8100B49400000004094A14140748B3DEAC80C4940	f	\N	https://portal.soilmate.ai/	\N	\N
6	2021-02-01	2021-02-03	2021-02-01 13:00:00+00	2021-02-01 18:00:00+00	\N	5	3	2	f	0103000020E6100000010000000A00000004EBF4DBC28A424011B97BC173A34840BFF2F4DB1A7E4240C255C4FD26A848401EF8F4DB237542408207202FE9A34840B7F7F4DBD775424065F2D48CF09648405BF4F4DB4A7B4240A025DBBCD8904840BAEEF4DB22854240081C042AED8F48409DE0F4DB839C424037A2982EF6904840DADCF4DBAAA24240FB9BB8083A9248400DDDF4DB50A24240038DB49FBF9E484004EBF4DBC28A424011B97BC173A34840	f	\N	https://portal.soilmate.ai/	\N	\N
4	2020-12-01	2021-01-26	2022-06-22 16:10:13.358329+00	2022-06-22 16:10:51.893268+00	\N	3	5	2	t	0103000020E6100000010000000A00000000000040722C4240A4A80862E5D2484000000000B11E42404CC57E1EE0D0484000000080621A4240EE886E5812C9484000000080D81C424098F7EAE966C04840000000C0802542407536B0B049C04840000000C03C2D4240956698BA99C148400000000004354240888FB33823C54840000000C0BA3642404DCD657B78C94840000000C009334240A54D643098CF484000000040722C4240A4A80862E5D24840	t	\N	https://portal.soilmate.ai/	\N	\N
8	\N	\N	2022-06-22 16:10:43.541404+00	2022-06-22 16:11:12.665409+00	\N	1	2	2	t	0103000020E6100000010000000A000000000000E03C2B42401C4205E84A07494000000060FC274240FEDC03992807494000000060A227424051CE9070C805494000000090262842406B5C887E8104494000000080612A4240651E4883E203494000000000482D42408D0670CEFB034940FFFFFFCF582E424042DC7A7458054940000000E0DF2D4240390E400EBE06494000000040F92C424007504EEF53074940000000E03C2B42401C4205E84A074940	t	\N	https://portal.soilmate.ai/	\N	\N
5	\N	\N	2022-06-22 16:10:41.742174+00	2022-06-22 16:11:12.665409+00	\N	4	6	2	t	0103000020E610000001000000080000000000004094A14140748B3DEAC80C494000000040139B41400249E498AB0A4940000000005797414055CEB8E041074940000000C0569B4140A6EEF00964034940FFFFFFBF5EA24140AF70CA44EA04494000000000B3A441407C156B50950849400000000059A441403D384AA8100B49400000004094A14140748B3DEAC80C4940	t	\N	https://portal.soilmate.ai/	\N	\N
2	\N	\N	2021-01-19 08:41:00+00	\N	\N	3	4	2	f	0103000020E6100000010000000A000000FDFFFF3F722C4240A5A80862E5D24840FDFFFFFFB01E42404EC57E1EE0D0484002000080621A4240E9886E5812C94840FBFFFF7FD81C424098F7EAE966C04840FCFFFFBF802542407536B0B049C04840020000C03C2D4240976698BA99C148400400000004354240888FB33823C54840030000C0BA36424048CD657B78C94840000000C009334240A54D643098CF4840FDFFFF3F722C4240A5A80862E5D24840	f	\N	https://portal.soilmate.ai/	\N	\N
\.


--
-- Data for Name: aoi_transactionerrormessage; Type: TABLE DATA; Schema: public; Owner: sip
--

COPY public.aoi_transactionerrormessage (id, user_readable_error, original_component_error) FROM stdin;
\.


--
-- Data for Name: auth_group; Type: TABLE DATA; Schema: public; Owner: sip
--

COPY public.auth_group (id, name) FROM stdin;
1	Data_science_engineer
2	Client
\.


--
-- Data for Name: auth_group_permissions; Type: TABLE DATA; Schema: public; Owner: sip
--

COPY public.auth_group_permissions (id, group_id, permission_id) FROM stdin;
1	1	33
2	1	34
3	1	35
4	1	36
5	1	38
6	1	40
7	1	41
8	2	33
9	2	34
10	2	35
11	2	36
12	2	40
13	1	39
19	2	54
20	2	57
21	1	54
22	1	57
25	2	39
26	1	67
27	1	66
28	1	64
29	1	65
30	2	67
31	1	68
\.


--
-- Data for Name: auth_permission; Type: TABLE DATA; Schema: public; Owner: sip
--

COPY public.auth_permission (id, name, content_type_id, codename) FROM stdin;
1	Can add log entry	1	add_logentry
2	Can change log entry	1	change_logentry
3	Can delete log entry	1	delete_logentry
4	Can view log entry	1	view_logentry
5	Can add permission	2	add_permission
6	Can change permission	2	change_permission
7	Can delete permission	2	delete_permission
8	Can view permission	2	view_permission
9	Can add group	3	add_group
10	Can change group	3	change_group
11	Can delete group	3	delete_group
12	Can view group	3	view_group
13	Can add content type	4	add_contenttype
14	Can change content type	4	change_contenttype
15	Can delete content type	4	delete_contenttype
16	Can view content type	4	view_contenttype
17	Can add session	5	add_session
18	Can change session	5	change_session
19	Can delete session	5	delete_session
20	Can view session	5	view_session
21	Can add site	6	add_site
22	Can change site	6	change_site
23	Can delete site	6	delete_site
24	Can view site	6	view_site
25	Can add user	7	add_user
26	Can change user	7	change_user
27	Can delete user	7	delete_user
28	Can view user	7	view_user
29	Can add Token	8	add_token
30	Can change Token	8	change_token
31	Can delete Token	8	delete_token
32	Can view Token	8	view_token
33	Can add Area of interest	9	add_aoi
34	Can change Area of interest	9	change_aoi
35	Can delete Area of interest	9	delete_aoi
36	Can view Area of interest	9	view_aoi
37	Can add result	10	add_result
38	Can change result	10	change_result
39	Can delete result	10	delete_result
40	Can view result	10	view_result
41	Can view unreleased result	10	view_unreleased_result
46	Can add token	12	add_tokenproxy
47	Can change token	12	change_tokenproxy
48	Can delete token	12	delete_tokenproxy
49	Can view token	12	view_tokenproxy
50	Can add Access Control List	13	add_acl
51	Can change Access Control List	13	change_acl
52	Can delete Access Control List	13	delete_acl
53	Can view Access Control List	13	view_acl
54	Can add Request	14	add_request
55	Can change Request	14	change_request
56	Can delete Request	14	delete_request
57	Can view Request	14	view_request
58	Can add Request for another user	14	add_another_user_request
59	Can add Aoi for another user	9	add_another_user_aoi
64	Can add Component	11	add_component
65	Can change Component	11	change_component
66	Can delete Component	11	delete_component
67	Can view Component	11	view_component
68	Can run requests with not validated components	11	can_run_not_validated
69	Can add social application	16	add_socialapp
70	Can change social application	16	change_socialapp
71	Can delete social application	16	delete_socialapp
72	Can view social application	16	view_socialapp
73	Can add social account	17	add_socialaccount
74	Can change social account	17	change_socialaccount
75	Can delete social account	17	delete_socialaccount
76	Can view social account	17	view_socialaccount
77	Can add social application token	18	add_socialtoken
78	Can change social application token	18	change_socialtoken
79	Can delete social application token	18	delete_socialtoken
80	Can view social application token	18	view_socialtoken
81	Can add email address	19	add_emailaddress
82	Can change email address	19	change_emailaddress
83	Can delete email address	19	delete_emailaddress
84	Can view email address	19	view_emailaddress
85	Can add email confirmation	20	add_emailconfirmation
86	Can change email confirmation	20	change_emailconfirmation
87	Can delete email confirmation	20	delete_emailconfirmation
88	Can view email confirmation	20	view_emailconfirmation
89	Can add Transaction	21	add_transaction
90	Can change Transaction	21	change_transaction
91	Can delete Transaction	21	delete_transaction
92	Can view Transaction	21	view_transaction
93	Can view all transactions	21	view_all_transactions
94	Can delete any result	10	delete_any_result
95	Can add Flag	22	add_flag
96	Can change Flag	22	change_flag
97	Can delete Flag	22	delete_flag
98	Can view Flag	22	view_flag
99	Can add Sample	23	add_sample
100	Can change Sample	23	change_sample
101	Can delete Sample	23	delete_sample
102	Can view Sample	23	view_sample
103	Can add Switch	24	add_switch
104	Can change Switch	24	change_switch
105	Can delete Switch	24	delete_switch
106	Can view Switch	24	view_switch
107	Can change balance	7	can_change_balance
108	Can add transaction error message	25	add_transactionerrormessage
109	Can change transaction error message	25	change_transactionerrormessage
110	Can delete transaction error message	25	delete_transactionerrormessage
111	Can view transaction error message	25	view_transactionerrormessage
\.


--
-- Data for Name: authtoken_token; Type: TABLE DATA; Schema: public; Owner: sip
--

COPY public.authtoken_token (key, created, user_id) FROM stdin;
7306f5c8456efc18f9a15c5c3bf8ba2659efb813	2020-10-25 12:59:59.817251+00	1
507928511085e6684cfa105c74339d46fc097ad0	2020-10-25 13:48:27.11431+00	2
\.


--
-- Data for Name: django_admin_log; Type: TABLE DATA; Schema: public; Owner: sip
--

COPY public.django_admin_log (id, action_time, object_id, object_repr, action_flag, change_message, content_type_id, user_id) FROM stdin;
1	2020-10-25 13:47:22.900961+00	2	test	1	[{"added": {}}]	7	1
2	2021-02-03 13:50:28.734475+00	2	clearcut/ClearCut-2020-12-02.geojson	3		10	1
3	2021-02-03 13:50:28.736134+00	3	example/0fc45b4d-8bd1-47eb-af81-6a88ff378630_Green_2020-07-20.geojson	3		10	1
4	2021-02-03 13:50:28.737181+00	4	example/b53895d8-bcc9-4536-b732-c69676fc15c6_PSRI_2020-06-12.geojson	3		10	1
5	2021-02-03 13:50:28.738685+00	1	ex_3/red_corn.geojson	3		10	1
6	2021-02-03 13:50:28.740264+00	5	ex_2/Portugal_features.geojson	3		10	1
7	2021-02-03 13:52:02.547137+00	5	test AOI 4	1	[{"added": {}}]	9	1
8	2021-02-03 13:55:31.793734+00	6	Request object (6)	1	[{"added": {}}]	14	1
9	2022-06-22 16:14:08.407942+00	2	example_geotiff	2	[{"changed": {"fields": ["Start and end dates are requaired"]}}]	11	1
10	2022-06-22 16:14:20.824271+00	6	Test2_Execution	2	[{"changed": {"fields": ["Start and end dates are requaired"]}}]	11	1
11	2022-06-22 16:14:32.922426+00	4	test_geotiff	2	[{"changed": {"fields": ["Start and end dates are requaired"]}}]	11	1
12	2022-06-22 16:14:40.490829+00	2	Request object (2)	2	[]	14	1
13	2023-03-10 16:36:37.563042+00	10	Request object (10)	3		14	1
14	2023-03-10 16:36:37.576041+00	9	Request object (9)	3		14	1
15	2023-03-10 16:36:44.910631+00	8	TCI_NDVI_component	3		11	1
16	2023-03-10 16:37:21.084383+00	2	test	2	[{"changed": {"fields": ["Email address"]}}]	7	1
17	2023-03-10 16:37:31.800515+00	1	tester@gmail.com	1	[{"added": {}}]	19	1
18	2023-03-10 16:37:46.637476+00	2	admin@localhost	1	[{"added": {}}]	19	1
19	2025-03-06 09:51:41.437014+00	8	Stone Detection	1	[{"added": {}}]	11	1
20	2025-03-06 09:52:57.869526+00	9	Stone Detection Extract Coordinates	1	[{"added": {}}]	11	1
\.


--
-- Data for Name: django_content_type; Type: TABLE DATA; Schema: public; Owner: sip
--

COPY public.django_content_type (id, app_label, model) FROM stdin;
1	admin	logentry
2	auth	permission
3	auth	group
4	contenttypes	contenttype
5	sessions	session
6	sites	site
7	user	user
8	authtoken	token
9	aoi	aoi
10	publisher	result
12	authtoken	tokenproxy
13	publisher	acl
14	aoi	request
11	aoi	component
16	allauth	socialapp
17	allauth	socialaccount
18	allauth	socialtoken
19	account	emailaddress
20	account	emailconfirmation
21	user	transaction
22	waffle	flag
23	waffle	sample
24	waffle	switch
25	aoi	transactionerrormessage
\.


--
-- Data for Name: django_migrations; Type: TABLE DATA; Schema: public; Owner: sip
--

COPY public.django_migrations (id, app, name, applied) FROM stdin;
1	contenttypes	0001_initial	2020-10-25 11:24:45.834099+00
2	contenttypes	0002_remove_content_type_name	2020-10-25 11:24:45.846711+00
3	auth	0001_initial	2020-10-25 11:24:45.877379+00
4	auth	0002_alter_permission_name_max_length	2020-10-25 11:24:45.92769+00
5	auth	0003_alter_user_email_max_length	2020-10-25 11:24:45.937901+00
6	auth	0004_alter_user_username_opts	2020-10-25 11:24:45.948037+00
7	auth	0005_alter_user_last_login_null	2020-10-25 11:24:45.957017+00
8	auth	0006_require_contenttypes_0002	2020-10-25 11:24:45.961678+00
9	auth	0007_alter_validators_add_error_messages	2020-10-25 11:24:45.971494+00
10	auth	0008_alter_user_username_max_length	2020-10-25 11:24:45.981443+00
11	auth	0009_alter_user_last_name_max_length	2020-10-25 11:24:45.990466+00
12	auth	0010_alter_group_name_max_length	2020-10-25 11:24:45.999969+00
13	auth	0011_update_proxy_permissions	2020-10-25 11:24:46.011097+00
14	user	0001_initial	2020-10-25 11:24:46.055029+00
15	admin	0001_initial	2020-10-25 11:24:46.135021+00
16	admin	0002_logentry_remove_auto_add	2020-10-25 11:24:46.160894+00
17	admin	0003_logentry_add_action_flag_choices	2020-10-25 11:24:46.175482+00
18	sessions	0001_initial	2020-10-25 11:24:46.18568+00
19	sites	0001_initial	2020-10-25 11:24:46.213627+00
20	sites	0002_alter_domain_unique	2020-10-25 11:24:46.223381+00
21	authtoken	0001_initial	2020-10-25 12:59:06.510501+00
22	authtoken	0002_auto_20160226_1747	2020-10-25 12:59:06.566405+00
23	aoi	0001_initial	2021-01-11 11:13:56.628677+00
24	aoi	0002_jupyternotebook	2021-01-11 11:13:56.644341+00
25	auth	0012_alter_user_first_name_max_length	2021-01-11 11:13:56.703441+00
26	authtoken	0003_tokenproxy	2021-01-11 11:13:56.708096+00
27	publisher	0001_initial	2021-01-11 11:13:56.719032+00
28	publisher	0002_auto_20201105_1843	2021-01-11 11:13:56.741081+00
29	publisher	0003_auto_20201106_1419	2021-01-11 11:13:56.754336+00
30	publisher	0004_result_to_be_deleted	2021-01-11 11:13:56.761231+00
31	publisher	0005_aoi	2021-01-11 11:13:56.771481+00
32	publisher	0006_auto_20201130_1455	2021-01-11 11:13:56.780756+00
33	publisher	0007_delete_aoi	2021-01-11 11:13:56.785527+00
34	publisher	0008_auto_20201207_1647	2021-01-11 11:13:56.794875+00
35	publisher	0009_acl	2021-01-11 11:13:56.814937+00
36	user	0002_auto_20201105_1840	2021-01-11 11:13:56.828451+00
37	user	0003_add_groups_for_ds_engineer	2021-01-11 11:13:56.900066+00
38	user	0004_add_client_group_update_ds_engineer_group	2021-01-11 11:13:56.966563+00
39	user	0005_add_notebook_perms_to_ds_engineer_group	2021-01-11 11:13:57.021647+00
40	user	0006_add_notebook_perms_to_client_group	2021-01-11 11:13:57.046828+00
41	aoi	0003_request	2021-01-19 07:23:46.38725+00
42	aoi	0003_aoi_user_id	2021-01-19 07:23:46.441976+00
43	aoi	0004_merge_20210115_1546	2021-01-19 07:23:46.44828+00
44	publisher	0010_auto_20210113_0950	2021-01-19 07:23:46.459426+00
45	publisher	0011_result_request_id	2021-01-19 07:23:46.465664+00
46	publisher	0012_auto_20210114_1628	2021-01-19 07:23:46.527083+00
47	user	0007_add_request_perms	2021-01-19 07:23:46.589883+00
48	user	0007_add_new_perm_to_aoi	2021-01-19 07:23:46.611536+00
49	user	0008_merge_20210115_1546	2021-01-19 07:23:46.61385+00
50	aoi	0005_rename_notebook_path	2021-01-26 14:16:05.832714+00
51	aoi	0006_rename_aoi_user_id	2021-01-26 14:16:05.859154+00
52	aoi	0007_rename_request_foreign_keys	2021-01-26 14:16:05.921795+00
53	aoi	0008_change_verbose_name	2021-01-26 14:16:06.014238+00
54	publisher	0013_rename_result_foreign_key	2021-01-26 14:16:06.028382+00
55	publisher	0014_rename_acl_key	2021-01-26 14:16:06.041035+00
56	publisher	0015_acl_change_ordering	2021-01-26 14:16:06.053774+00
57	publisher	0016_change_verbose_name	2021-01-26 14:16:06.071253+00
58	aoi	0009_add_success_flag	2021-01-27 15:23:24.470063+00
59	aoi	0010_jupyternotebook_options	2021-02-25 13:19:20.786041+00
60	aoi	0011_request_add_polygon	2021-02-25 13:19:20.882817+00
61	aoi	0012_request_calculated	2021-03-12 18:52:18.574555+00
62	aoi	0013_request_add_run_validation_success	2021-03-12 18:52:18.592958+00
63	publisher	0017_result_styles_url	2021-03-12 18:52:18.60385+00
64	aoi	0014_aoi_type	2022-06-22 16:09:51.96229+00
65	user	0009_add_aoi_type_perms	2022-06-22 16:09:52.117503+00
66	user	0010_remove_aoi_type_perms	2022-06-22 16:09:52.28206+00
67	aoi	0015_add_aoi_types	2022-06-22 16:09:52.32838+00
68	aoi	0016_aoi_type	2022-06-22 16:09:52.423855+00
69	aoi	0018_remove_AOI_type_table	2022-06-22 16:09:52.572867+00
70	aoi	0019_jupyternotebook_additional_parameter	2022-06-22 16:09:52.669761+00
71	aoi	0020_jupyternotebook_run_on_gpu	2022-06-22 16:09:52.710667+00
72	aoi	0021_jupyternotebook_period_requaired	2022-06-22 16:09:52.75532+00
73	publisher	0018_result_labels	2022-06-22 16:09:52.920559+00
74	publisher	0019_result_colormap	2022-06-22 16:09:53.11008+00
75	user	0011_add_can_delete_results_perms_to_client_group	2022-06-22 16:09:53.210093+00
76	user	0012_user_area_limit	2022-06-22 16:09:53.292515+00
77	user	0013_user_area_limit_ha_can_be_blank	2022-06-22 16:09:53.356537+00
78	user	0014_user_planet_api_key	2022-06-22 16:09:53.473287+00
79	aoi	0022_auto_20221121_1713	2022-11-22 18:55:38.791709+00
80	aoi	0023_rename_notebook_to_component	2022-11-22 18:55:39.18747+00
81	aoi	0024_make_change_in_component	2022-11-22 18:55:39.267752+00
82	account	0001_initial	2023-03-10 16:22:59.374412+00
83	account	0002_email_max_length	2023-03-10 16:22:59.420883+00
84	aoi	0025_component_validation_pernissions	2023-03-10 16:22:59.460765+00
85	aoi	0026_additional_inputs	2023-03-10 16:22:59.474019+00
86	aoi	0027_component_basic_price	2023-03-10 16:22:59.483282+00
87	aoi	0028_component_date_type	2023-03-10 16:22:59.492007+00
88	aoi	0029_auto_20230224_1248	2023-03-10 16:22:59.499871+00
89	aoi	0030_changed_unique_fields	2023-03-10 16:22:59.531654+00
90	publisher	0020_auto_20230214_1231	2023-03-10 16:22:59.544598+00
91	user	0015_auto_20230215_1052	2023-03-10 16:22:59.581355+00
92	user	0016_transaction	2023-03-10 16:22:59.609242+00
93	aoi	0031_component_geoap_creds_required	2025-03-06 08:41:31.429706+00
94	aoi	0032_auto_20230421_1420	2025-03-06 08:41:31.497749+00
95	aoi	0033_request_request_origin	2025-03-06 08:41:31.516375+00
96	aoi	0034_auto_20230630_0904	2025-03-06 08:41:31.57151+00
97	aoi	0035_auto_20230919_1238	2025-03-06 08:41:31.60734+00
98	aoi	0036_component_detail_description_link	2025-03-06 08:41:31.616592+00
99	aoi	0037_component_google_bucket_input_data	2025-03-06 08:41:31.625732+00
100	aoi	0038_component_additional_parameter2	2025-03-06 08:41:31.632373+00
101	aoi	0039_request_additional_parameter2	2025-03-06 08:41:31.648506+00
102	aoi	0040_aoi_square_in_km	2025-03-06 08:41:31.963837+00
103	aoi	0041_auto_20241101_1019	2025-03-06 08:41:31.975737+00
104	aoi	0042_auto_20241101_1236	2025-03-06 08:41:32.014247+00
105	user	0017_add_balance_permission	2025-03-06 08:41:32.040526+00
106	user	0018_transaction_rolled_back	2025-03-06 08:41:32.062879+00
107	user	0019_auto_20230519_1235	2025-03-06 08:41:32.141589+00
108	user	0020_user_receive_notification	2025-03-06 08:41:32.173416+00
109	user	0021_transaction_error	2025-03-06 08:41:32.189455+00
110	waffle	0001_initial	2025-03-06 08:41:32.25508+00
111	waffle	0002_auto_20161201_0958	2025-03-06 08:41:32.306679+00
112	waffle	0003_update_strings_for_i18n	2025-03-06 08:41:32.643503+00
113	waffle	0004_update_everyone_nullbooleanfield	2025-03-06 08:41:32.659037+00
114	user	0021_auto_20230717_1048	2025-03-06 08:41:32.688094+00
115	user	0022_merge_20230727_1024	2025-03-06 08:41:32.690137+00
116	user	0023_user_receive_news	2025-03-06 08:41:32.707895+00
117	user	0024_user_stone_google_folder	2025-03-06 08:41:32.730336+00
118	user	0025_user_units_of_measurement	2025-03-06 08:41:32.750586+00
119	user	0026_user_country	2025-03-06 08:41:32.774621+00
\.


--
-- Data for Name: django_session; Type: TABLE DATA; Schema: public; Owner: sip
--

COPY public.django_session (session_key, session_data, expire_date) FROM stdin;
liaaz5iadshsfupcag98bb7g0zh5boc8	OTQwZmUyNGE5YTc3ZWE0MDA4ZDA1NWMzMmVjODcwMTNhMTkyNGM5ODp7Il9hdXRoX3VzZXJfaWQiOiIxIiwiX2F1dGhfdXNlcl9iYWNrZW5kIjoiZGphbmdvLmNvbnRyaWIuYXV0aC5iYWNrZW5kcy5Nb2RlbEJhY2tlbmQiLCJfYXV0aF91c2VyX2hhc2giOiJjZDg0NTRjYjRiODM0NjU4MzM0OTM1NDI4YWZlNTNhNzE4YzU1MDMwIn0=	2020-10-25 21:01:18.127338+00
p4g6f6qrct3pmb1dbmd1qgd4l755fzy5	OTQwZmUyNGE5YTc3ZWE0MDA4ZDA1NWMzMmVjODcwMTNhMTkyNGM5ODp7Il9hdXRoX3VzZXJfaWQiOiIxIiwiX2F1dGhfdXNlcl9iYWNrZW5kIjoiZGphbmdvLmNvbnRyaWIuYXV0aC5iYWNrZW5kcy5Nb2RlbEJhY2tlbmQiLCJfYXV0aF91c2VyX2hhc2giOiJjZDg0NTRjYjRiODM0NjU4MzM0OTM1NDI4YWZlNTNhNzE4YzU1MDMwIn0=	2020-10-25 21:01:25.553149+00
49gudpyonutj57lml4ssxcic0vcpa6x7	NWJkMWU0YTRiYjI5YmY4ZTY2MWJhMGYxOTZkNjEwOThkNjc2ZjBmZTp7Il9hdXRoX3VzZXJfaWQiOiIyIiwiX2F1dGhfdXNlcl9iYWNrZW5kIjoiZGphbmdvLmNvbnRyaWIuYXV0aC5iYWNrZW5kcy5Nb2RlbEJhY2tlbmQiLCJfYXV0aF91c2VyX2hhc2giOiJmZDUyNzllYjIwMzAzMDFkMDk2Yjc4ODQ4YTM3ZjBjNjhmMjM3ZjE1In0=	2020-10-25 21:48:27.125341+00
xxpxw53jxwsthdpazstu89lr4wjoczqq	NWJkMWU0YTRiYjI5YmY4ZTY2MWJhMGYxOTZkNjEwOThkNjc2ZjBmZTp7Il9hdXRoX3VzZXJfaWQiOiIyIiwiX2F1dGhfdXNlcl9iYWNrZW5kIjoiZGphbmdvLmNvbnRyaWIuYXV0aC5iYWNrZW5kcy5Nb2RlbEJhY2tlbmQiLCJfYXV0aF91c2VyX2hhc2giOiJmZDUyNzllYjIwMzAzMDFkMDk2Yjc4ODQ4YTM3ZjBjNjhmMjM3ZjE1In0=	2020-10-25 21:48:59.820422+00
f0n2qtfj93b6un4mbl6f1d4r76p1h436	.eJxVjMEOwiAQRP-FsyEILEWP3vsNZBcWqRpISnsy_rtt0oMeZ96beYuA61LC2nkOUxJXcRan344wPrnuID2w3puMrS7zRHJX5EG7HFvi1-1w_w4K9rKtnWdQEZ3yxOQVgL4oZTNHD84ZC-ish-QhZ50ZM5ktxJhA60GlgYz4fAHW9Dfd:1l7IXc:vIJvbWkUcACcV0VPSa9lClNkoLeVTd00EZglb0-NKJQ	2021-02-03 21:49:56.302818+00
53v3jubywtmx9bqid5nprmy2bsu13lag	.eJxVjMEOwiAQRP-FsyEILEWP3vsNZBcWqRpISnsy_rtt0oMeZ96beYuA61LC2nkOUxJXcRan344wPrnuID2w3puMrS7zRHJX5EG7HFvi1-1w_w4K9rKtnWdQEZ3yxOQVgL4oZTNHD84ZC-ish-QhZ50ZM5ktxJhA60GlgYz4fAHW9Dfd:1lKmth:3lDgfMZqbMMyQpb2d1__a_aMBSqME9XRl62vWV3CeaM	2021-03-13 02:52:29.935898+00
cd5y6duf0kppd75tl64jxd0hfbernaw1	.eJxVjMEOwiAQRP-FsyEILEWP3vsNZBcWqRpISnsy_rtt0oMeZ96beYuA61LC2nkOUxJXcRan344wPrnuID2w3puMrS7zRHJX5EG7HFvi1-1w_w4K9rKtnWdQEZ3yxOQVgL4oZTNHD84ZC-ish-QhZ50ZM5ktxJhA60GlgYz4fAHW9Dfd:1o42zH:5cZN24icjiERFw-OQdl8uIVtfmIeMV7QYPqv93laBlw	2022-06-23 00:13:51.989355+00
6ykpl7s0n6i27uliij4roz7456p4nxyj	.eJxVjMEOwiAQRP-FsyEILEWP3vsNZBcWqRpISnsy_rtt0oMeZ96beYuA61LC2nkOUxJXcRan344wPrnuID2w3puMrS7zRHJX5EG7HFvi1-1w_w4K9rKtnWdQEZ3yxOQVgL4oZTNHD84ZC-ish-QhZ50ZM5ktxJhA60GlgYz4fAHW9Dfd:1pafWt:HmeVDDsEGv1fk90PE2TXpybB_0ztS8KpOH5W_huQPF0	2023-03-11 00:23:39.794323+00
nk4dksijyvg1wretdqazpy3ebxx4xmef	.eJxVjMEOwiAQRP-FsyEILEWP3vsNZBcWqRpISnsy_rtt0oMeZ96beYuA61LC2nkOUxJXcRan344wPrnuID2w3puMrS7zRHJX5EG7HFvi1-1w_w4K9rKtnWdQEZ3yxOQVgL4oZTNHD84ZC-ish-QhZ50ZM5ktxJhA60GlgYz4fAHW9Dfd:1tq6o5:Hno1nDMFzYiYu1T3M5QVJweVEI1c9dxAtFYVQQknUJ8	2025-03-06 16:42:17.985375+00
\.


--
-- Data for Name: django_site; Type: TABLE DATA; Schema: public; Owner: sip
--

COPY public.django_site (id, domain, name) FROM stdin;
1	example.com	example.com
\.


--
-- Data for Name: publisher_acl; Type: TABLE DATA; Schema: public; Owner: sip
--

COPY public.publisher_acl (id, restrict_projects_to, user_id) FROM stdin;
\.


--
-- Data for Name: publisher_result; Type: TABLE DATA; Schema: public; Owner: sip
--

COPY public.publisher_result (id, filepath, modifiedat, layer_type, bounding_polygon, rel_url, options, description, released, start_date, end_date, name, to_be_deleted, request_id, styles_url, labels, colormap) FROM stdin;
9	test/Test_AOI1.geojson	2024-08-06 18:31:54.299534+00	GEOJSON	0103000020E61000000100000005000000000000607D2E4240AD348B06CB034940000000607D2E4240B196D5366D07494000000040FF264240B196D5366D07494000000040FF264240AD348B06CB034940000000607D2E4240AD348B06CB034940	/results/test/Test_AOI1.geojson	\N		f	2021-01-01	2021-01-19		f	\N	\N	""	""
10	test/Test_AOI4.geojson	2024-08-06 18:31:54.299792+00	GEOJSON	0103000020E6100000010000000500000000000000829842406CB90F85629448400000000082984240CCB65E076DA3484000000000467A4240CCB65E076DA3484000000000467A42406CB90F856294484000000000829842406CB90F8562944840	/results/test/Test_AOI4.geojson	\N		f	2021-02-03	2021-02-01		f	\N	\N	""	""
12	test2/0.gpx	2024-10-15 13:43:16.331126+00	MVT	0103000020E61000000100000004000000C2A6CEA3E25B59C000C79E3D978749407F337F0E225C59C0C4B257159E874940FAB31F29225C59C038F581E49D874940C2A6CEA3E25B59C000C79E3D97874940	/tiles/test2/0/{z}/{x}/{y}.pbf	\N		f	\N	\N	0	f	\N	\N	""	""
14	stone_data/data.geojson	2025-03-06 09:31:17+00	GEOJSON	0103000020E610000001000000050000005CAB3DEC855C59C06FF607CA6D8949405CAB3DEC855C59C0E17D552E548A49401825E82FF45D59C0E17D552E548A49401825E82FF45D59C06FF607CA6D8949405CAB3DEC855C59C06FF607CA6D894940	/results/stone_data/data.geojson	\N		f	\N	\N		f	\N	\N	""	""
\.


--
-- Data for Name: spatial_ref_sys; Type: TABLE DATA; Schema: public; Owner: sip
--

COPY public.spatial_ref_sys (srid, auth_name, auth_srid, srtext, proj4text) FROM stdin;
\.


--
-- Data for Name: user_transaction; Type: TABLE DATA; Schema: public; Owner: sip
--

COPY public.user_transaction (id, amount, created_at, updated_at, comment, completed, request_id, user_id, rolled_back, error) FROM stdin;
\.


--
-- Data for Name: user_user; Type: TABLE DATA; Schema: public; Owner: sip
--

COPY public.user_user (id, password, last_login, is_superuser, username, first_name, last_name, email, is_staff, is_active, date_joined, area_limit_ha, planet_api_key, balance, discount, on_hold, is_trial_end_notified, trial_finished_at, trial_started_at, receive_notification, receive_news, stone_google_folder, units_of_measurement, country) FROM stdin;
2	pbkdf2_sha256$150000$xBdzPJKdgbvQ$Zn4LMX9EZXgDfQC/7QUUHmslVB8Dwb1PXe0xLn0eus4=	2020-10-25 13:48:59+00	f	test			tester@gmail.com	f	t	2020-10-25 13:47:22+00	\N	\N	0.00	0	0.00	f	\N	\N	t	f	\N	km	US
1	pbkdf2_sha256$216000$5lxslJOZ99ef$j1TFWeW904OT0VDlEeYhfIRfXWothXtZHHnuwAb+hOg=	2025-03-06 08:42:17.954789+00	t	admin			admin@localhost	t	t	2020-10-25 11:54:51.550807+00	\N	\N	0.00	0	0.00	f	\N	\N	t	f	\N	km	US
\.


--
-- Data for Name: user_user_groups; Type: TABLE DATA; Schema: public; Owner: sip
--

COPY public.user_user_groups (id, user_id, group_id) FROM stdin;
1	1	1
2	2	2
\.


--
-- Data for Name: user_user_user_permissions; Type: TABLE DATA; Schema: public; Owner: sip
--

COPY public.user_user_user_permissions (id, user_id, permission_id) FROM stdin;
\.


--
-- Data for Name: waffle_flag; Type: TABLE DATA; Schema: public; Owner: sip
--

COPY public.waffle_flag (id, name, everyone, percent, testing, superusers, staff, authenticated, languages, rollout, note, created, modified) FROM stdin;
\.


--
-- Data for Name: waffle_flag_groups; Type: TABLE DATA; Schema: public; Owner: sip
--

COPY public.waffle_flag_groups (id, flag_id, group_id) FROM stdin;
\.


--
-- Data for Name: waffle_flag_users; Type: TABLE DATA; Schema: public; Owner: sip
--

COPY public.waffle_flag_users (id, flag_id, user_id) FROM stdin;
\.


--
-- Data for Name: waffle_sample; Type: TABLE DATA; Schema: public; Owner: sip
--

COPY public.waffle_sample (id, name, percent, note, created, modified) FROM stdin;
\.


--
-- Data for Name: waffle_switch; Type: TABLE DATA; Schema: public; Owner: sip
--

COPY public.waffle_switch (id, name, active, note, created, modified) FROM stdin;
2	our_server_is_overloaded_notification	f		2025-03-06 08:41:32.686103+00	2025-03-06 08:41:32.686115+00
1	remote_server_available	t		2025-03-06 08:41:32.68331+00	2025-03-06 09:55:03.950057+00
\.


--
-- Data for Name: geocode_settings; Type: TABLE DATA; Schema: tiger; Owner: sip
--

COPY tiger.geocode_settings (name, setting, unit, category, short_desc) FROM stdin;
\.


--
-- Data for Name: pagc_gaz; Type: TABLE DATA; Schema: tiger; Owner: sip
--

COPY tiger.pagc_gaz (id, seq, word, stdword, token, is_custom) FROM stdin;
\.


--
-- Data for Name: pagc_lex; Type: TABLE DATA; Schema: tiger; Owner: sip
--

COPY tiger.pagc_lex (id, seq, word, stdword, token, is_custom) FROM stdin;
\.


--
-- Data for Name: pagc_rules; Type: TABLE DATA; Schema: tiger; Owner: sip
--

COPY tiger.pagc_rules (id, rule, is_custom) FROM stdin;
\.


--
-- Data for Name: topology; Type: TABLE DATA; Schema: topology; Owner: sip
--

COPY topology.topology (id, name, srid, "precision", hasz) FROM stdin;
\.


--
-- Data for Name: layer; Type: TABLE DATA; Schema: topology; Owner: sip
--

COPY topology.layer (topology_id, layer_id, schema_name, table_name, feature_column, feature_type, level, child_id) FROM stdin;
\.


--
-- Name: account_emailaddress_id_seq; Type: SEQUENCE SET; Schema: public; Owner: sip
--

SELECT pg_catalog.setval('public.account_emailaddress_id_seq', 2, true);


--
-- Name: account_emailconfirmation_id_seq; Type: SEQUENCE SET; Schema: public; Owner: sip
--

SELECT pg_catalog.setval('public.account_emailconfirmation_id_seq', 1, false);


--
-- Name: aoi_aoi_id_seq; Type: SEQUENCE SET; Schema: public; Owner: sip
--

SELECT pg_catalog.setval('public.aoi_aoi_id_seq', 6, true);


--
-- Name: aoi_jupyternotebook_id_seq; Type: SEQUENCE SET; Schema: public; Owner: sip
--

SELECT pg_catalog.setval('public.aoi_jupyternotebook_id_seq', 9, true);


--
-- Name: aoi_request_id_seq; Type: SEQUENCE SET; Schema: public; Owner: sip
--

SELECT pg_catalog.setval('public.aoi_request_id_seq', 8, true);


--
-- Name: aoi_transactionerrormessage_id_seq; Type: SEQUENCE SET; Schema: public; Owner: sip
--

SELECT pg_catalog.setval('public.aoi_transactionerrormessage_id_seq', 1, false);


--
-- Name: auth_group_id_seq; Type: SEQUENCE SET; Schema: public; Owner: sip
--

SELECT pg_catalog.setval('public.auth_group_id_seq', 2, true);


--
-- Name: auth_group_permissions_id_seq; Type: SEQUENCE SET; Schema: public; Owner: sip
--

SELECT pg_catalog.setval('public.auth_group_permissions_id_seq', 31, true);


--
-- Name: auth_permission_id_seq; Type: SEQUENCE SET; Schema: public; Owner: sip
--

SELECT pg_catalog.setval('public.auth_permission_id_seq', 111, true);


--
-- Name: django_admin_log_id_seq; Type: SEQUENCE SET; Schema: public; Owner: sip
--

SELECT pg_catalog.setval('public.django_admin_log_id_seq', 20, true);


--
-- Name: django_content_type_id_seq; Type: SEQUENCE SET; Schema: public; Owner: sip
--

SELECT pg_catalog.setval('public.django_content_type_id_seq', 25, true);


--
-- Name: django_migrations_id_seq; Type: SEQUENCE SET; Schema: public; Owner: sip
--

SELECT pg_catalog.setval('public.django_migrations_id_seq', 119, true);


--
-- Name: django_site_id_seq; Type: SEQUENCE SET; Schema: public; Owner: sip
--

SELECT pg_catalog.setval('public.django_site_id_seq', 1, true);


--
-- Name: publisher_acl_id_seq; Type: SEQUENCE SET; Schema: public; Owner: sip
--

SELECT pg_catalog.setval('public.publisher_acl_id_seq', 1, false);


--
-- Name: publisher_result_id_seq; Type: SEQUENCE SET; Schema: public; Owner: sip
--

SELECT pg_catalog.setval('public.publisher_result_id_seq', 14, true);


--
-- Name: user_transaction_id_seq; Type: SEQUENCE SET; Schema: public; Owner: sip
--

SELECT pg_catalog.setval('public.user_transaction_id_seq', 1, false);


--
-- Name: user_user_groups_id_seq; Type: SEQUENCE SET; Schema: public; Owner: sip
--

SELECT pg_catalog.setval('public.user_user_groups_id_seq', 3, true);


--
-- Name: user_user_id_seq; Type: SEQUENCE SET; Schema: public; Owner: sip
--

SELECT pg_catalog.setval('public.user_user_id_seq', 2, true);


--
-- Name: user_user_user_permissions_id_seq; Type: SEQUENCE SET; Schema: public; Owner: sip
--

SELECT pg_catalog.setval('public.user_user_user_permissions_id_seq', 1, false);


--
-- Name: waffle_flag_groups_id_seq; Type: SEQUENCE SET; Schema: public; Owner: sip
--

SELECT pg_catalog.setval('public.waffle_flag_groups_id_seq', 1, false);


--
-- Name: waffle_flag_id_seq; Type: SEQUENCE SET; Schema: public; Owner: sip
--

SELECT pg_catalog.setval('public.waffle_flag_id_seq', 1, false);


--
-- Name: waffle_flag_users_id_seq; Type: SEQUENCE SET; Schema: public; Owner: sip
--

SELECT pg_catalog.setval('public.waffle_flag_users_id_seq', 1, false);


--
-- Name: waffle_sample_id_seq; Type: SEQUENCE SET; Schema: public; Owner: sip
--

SELECT pg_catalog.setval('public.waffle_sample_id_seq', 1, false);


--
-- Name: waffle_switch_id_seq; Type: SEQUENCE SET; Schema: public; Owner: sip
--

SELECT pg_catalog.setval('public.waffle_switch_id_seq', 2, true);


--
-- Name: account_emailaddress account_emailaddress_email_key; Type: CONSTRAINT; Schema: public; Owner: sip
--

ALTER TABLE ONLY public.account_emailaddress
    ADD CONSTRAINT account_emailaddress_email_key UNIQUE (email);


--
-- Name: account_emailaddress account_emailaddress_pkey; Type: CONSTRAINT; Schema: public; Owner: sip
--

ALTER TABLE ONLY public.account_emailaddress
    ADD CONSTRAINT account_emailaddress_pkey PRIMARY KEY (id);


--
-- Name: account_emailconfirmation account_emailconfirmation_key_key; Type: CONSTRAINT; Schema: public; Owner: sip
--

ALTER TABLE ONLY public.account_emailconfirmation
    ADD CONSTRAINT account_emailconfirmation_key_key UNIQUE (key);


--
-- Name: account_emailconfirmation account_emailconfirmation_pkey; Type: CONSTRAINT; Schema: public; Owner: sip
--

ALTER TABLE ONLY public.account_emailconfirmation
    ADD CONSTRAINT account_emailconfirmation_pkey PRIMARY KEY (id);


--
-- Name: aoi_aoi aoi_aoi_pkey; Type: CONSTRAINT; Schema: public; Owner: sip
--

ALTER TABLE ONLY public.aoi_aoi
    ADD CONSTRAINT aoi_aoi_pkey PRIMARY KEY (id);


--
-- Name: aoi_aoi aoi_aoi_user_id_name_62e1f076_uniq; Type: CONSTRAINT; Schema: public; Owner: sip
--

ALTER TABLE ONLY public.aoi_aoi
    ADD CONSTRAINT aoi_aoi_user_id_name_62e1f076_uniq UNIQUE (user_id, name);


--
-- Name: aoi_component aoi_jupyternotebook_name_key; Type: CONSTRAINT; Schema: public; Owner: sip
--

ALTER TABLE ONLY public.aoi_component
    ADD CONSTRAINT aoi_jupyternotebook_name_key UNIQUE (name);


--
-- Name: aoi_component aoi_jupyternotebook_path_to_a_notebook_key; Type: CONSTRAINT; Schema: public; Owner: sip
--

ALTER TABLE ONLY public.aoi_component
    ADD CONSTRAINT aoi_jupyternotebook_path_to_a_notebook_key UNIQUE (notebook_path);


--
-- Name: aoi_component aoi_jupyternotebook_pkey; Type: CONSTRAINT; Schema: public; Owner: sip
--

ALTER TABLE ONLY public.aoi_component
    ADD CONSTRAINT aoi_jupyternotebook_pkey PRIMARY KEY (id);


--
-- Name: aoi_request aoi_request_pkey; Type: CONSTRAINT; Schema: public; Owner: sip
--

ALTER TABLE ONLY public.aoi_request
    ADD CONSTRAINT aoi_request_pkey PRIMARY KEY (id);


--
-- Name: aoi_transactionerrormessage aoi_transactionerrormessage_original_component_error_key; Type: CONSTRAINT; Schema: public; Owner: sip
--

ALTER TABLE ONLY public.aoi_transactionerrormessage
    ADD CONSTRAINT aoi_transactionerrormessage_original_component_error_key UNIQUE (original_component_error);


--
-- Name: aoi_transactionerrormessage aoi_transactionerrormessage_pkey; Type: CONSTRAINT; Schema: public; Owner: sip
--

ALTER TABLE ONLY public.aoi_transactionerrormessage
    ADD CONSTRAINT aoi_transactionerrormessage_pkey PRIMARY KEY (id);


--
-- Name: auth_group auth_group_name_key; Type: CONSTRAINT; Schema: public; Owner: sip
--

ALTER TABLE ONLY public.auth_group
    ADD CONSTRAINT auth_group_name_key UNIQUE (name);


--
-- Name: auth_group_permissions auth_group_permissions_group_id_permission_id_0cd325b0_uniq; Type: CONSTRAINT; Schema: public; Owner: sip
--

ALTER TABLE ONLY public.auth_group_permissions
    ADD CONSTRAINT auth_group_permissions_group_id_permission_id_0cd325b0_uniq UNIQUE (group_id, permission_id);


--
-- Name: auth_group_permissions auth_group_permissions_pkey; Type: CONSTRAINT; Schema: public; Owner: sip
--

ALTER TABLE ONLY public.auth_group_permissions
    ADD CONSTRAINT auth_group_permissions_pkey PRIMARY KEY (id);


--
-- Name: auth_group auth_group_pkey; Type: CONSTRAINT; Schema: public; Owner: sip
--

ALTER TABLE ONLY public.auth_group
    ADD CONSTRAINT auth_group_pkey PRIMARY KEY (id);


--
-- Name: auth_permission auth_permission_content_type_id_codename_01ab375a_uniq; Type: CONSTRAINT; Schema: public; Owner: sip
--

ALTER TABLE ONLY public.auth_permission
    ADD CONSTRAINT auth_permission_content_type_id_codename_01ab375a_uniq UNIQUE (content_type_id, codename);


--
-- Name: auth_permission auth_permission_pkey; Type: CONSTRAINT; Schema: public; Owner: sip
--

ALTER TABLE ONLY public.auth_permission
    ADD CONSTRAINT auth_permission_pkey PRIMARY KEY (id);


--
-- Name: authtoken_token authtoken_token_pkey; Type: CONSTRAINT; Schema: public; Owner: sip
--

ALTER TABLE ONLY public.authtoken_token
    ADD CONSTRAINT authtoken_token_pkey PRIMARY KEY (key);


--
-- Name: authtoken_token authtoken_token_user_id_key; Type: CONSTRAINT; Schema: public; Owner: sip
--

ALTER TABLE ONLY public.authtoken_token
    ADD CONSTRAINT authtoken_token_user_id_key UNIQUE (user_id);


--
-- Name: django_admin_log django_admin_log_pkey; Type: CONSTRAINT; Schema: public; Owner: sip
--

ALTER TABLE ONLY public.django_admin_log
    ADD CONSTRAINT django_admin_log_pkey PRIMARY KEY (id);


--
-- Name: django_content_type django_content_type_app_label_model_76bd3d3b_uniq; Type: CONSTRAINT; Schema: public; Owner: sip
--

ALTER TABLE ONLY public.django_content_type
    ADD CONSTRAINT django_content_type_app_label_model_76bd3d3b_uniq UNIQUE (app_label, model);


--
-- Name: django_content_type django_content_type_pkey; Type: CONSTRAINT; Schema: public; Owner: sip
--

ALTER TABLE ONLY public.django_content_type
    ADD CONSTRAINT django_content_type_pkey PRIMARY KEY (id);


--
-- Name: django_migrations django_migrations_pkey; Type: CONSTRAINT; Schema: public; Owner: sip
--

ALTER TABLE ONLY public.django_migrations
    ADD CONSTRAINT django_migrations_pkey PRIMARY KEY (id);


--
-- Name: django_session django_session_pkey; Type: CONSTRAINT; Schema: public; Owner: sip
--

ALTER TABLE ONLY public.django_session
    ADD CONSTRAINT django_session_pkey PRIMARY KEY (session_key);


--
-- Name: django_site django_site_domain_a2e37b91_uniq; Type: CONSTRAINT; Schema: public; Owner: sip
--

ALTER TABLE ONLY public.django_site
    ADD CONSTRAINT django_site_domain_a2e37b91_uniq UNIQUE (domain);


--
-- Name: django_site django_site_pkey; Type: CONSTRAINT; Schema: public; Owner: sip
--

ALTER TABLE ONLY public.django_site
    ADD CONSTRAINT django_site_pkey PRIMARY KEY (id);


--
-- Name: publisher_acl publisher_acl_pkey; Type: CONSTRAINT; Schema: public; Owner: sip
--

ALTER TABLE ONLY public.publisher_acl
    ADD CONSTRAINT publisher_acl_pkey PRIMARY KEY (id);


--
-- Name: publisher_acl publisher_acl_user_id_id_key; Type: CONSTRAINT; Schema: public; Owner: sip
--

ALTER TABLE ONLY public.publisher_acl
    ADD CONSTRAINT publisher_acl_user_id_id_key UNIQUE (user_id);


--
-- Name: publisher_result publisher_result_filepath_key; Type: CONSTRAINT; Schema: public; Owner: sip
--

ALTER TABLE ONLY public.publisher_result
    ADD CONSTRAINT publisher_result_filepath_key UNIQUE (filepath);


--
-- Name: publisher_result publisher_result_pkey; Type: CONSTRAINT; Schema: public; Owner: sip
--

ALTER TABLE ONLY public.publisher_result
    ADD CONSTRAINT publisher_result_pkey PRIMARY KEY (id);


--
-- Name: user_transaction user_transaction_pkey; Type: CONSTRAINT; Schema: public; Owner: sip
--

ALTER TABLE ONLY public.user_transaction
    ADD CONSTRAINT user_transaction_pkey PRIMARY KEY (id);


--
-- Name: user_user_groups user_user_groups_pkey; Type: CONSTRAINT; Schema: public; Owner: sip
--

ALTER TABLE ONLY public.user_user_groups
    ADD CONSTRAINT user_user_groups_pkey PRIMARY KEY (id);


--
-- Name: user_user_groups user_user_groups_user_id_group_id_bb60391f_uniq; Type: CONSTRAINT; Schema: public; Owner: sip
--

ALTER TABLE ONLY public.user_user_groups
    ADD CONSTRAINT user_user_groups_user_id_group_id_bb60391f_uniq UNIQUE (user_id, group_id);


--
-- Name: user_user user_user_pkey; Type: CONSTRAINT; Schema: public; Owner: sip
--

ALTER TABLE ONLY public.user_user
    ADD CONSTRAINT user_user_pkey PRIMARY KEY (id);


--
-- Name: user_user_user_permissions user_user_user_permissions_pkey; Type: CONSTRAINT; Schema: public; Owner: sip
--

ALTER TABLE ONLY public.user_user_user_permissions
    ADD CONSTRAINT user_user_user_permissions_pkey PRIMARY KEY (id);


--
-- Name: user_user_user_permissions user_user_user_permissions_user_id_permission_id_64f4d5b8_uniq; Type: CONSTRAINT; Schema: public; Owner: sip
--

ALTER TABLE ONLY public.user_user_user_permissions
    ADD CONSTRAINT user_user_user_permissions_user_id_permission_id_64f4d5b8_uniq UNIQUE (user_id, permission_id);


--
-- Name: user_user user_user_username_key; Type: CONSTRAINT; Schema: public; Owner: sip
--

ALTER TABLE ONLY public.user_user
    ADD CONSTRAINT user_user_username_key UNIQUE (username);


--
-- Name: waffle_flag_groups waffle_flag_groups_flag_id_group_id_8ba0c71b_uniq; Type: CONSTRAINT; Schema: public; Owner: sip
--

ALTER TABLE ONLY public.waffle_flag_groups
    ADD CONSTRAINT waffle_flag_groups_flag_id_group_id_8ba0c71b_uniq UNIQUE (flag_id, group_id);


--
-- Name: waffle_flag_groups waffle_flag_groups_pkey; Type: CONSTRAINT; Schema: public; Owner: sip
--

ALTER TABLE ONLY public.waffle_flag_groups
    ADD CONSTRAINT waffle_flag_groups_pkey PRIMARY KEY (id);


--
-- Name: waffle_flag waffle_flag_name_key; Type: CONSTRAINT; Schema: public; Owner: sip
--

ALTER TABLE ONLY public.waffle_flag
    ADD CONSTRAINT waffle_flag_name_key UNIQUE (name);


--
-- Name: waffle_flag waffle_flag_pkey; Type: CONSTRAINT; Schema: public; Owner: sip
--

ALTER TABLE ONLY public.waffle_flag
    ADD CONSTRAINT waffle_flag_pkey PRIMARY KEY (id);


--
-- Name: waffle_flag_users waffle_flag_users_flag_id_user_id_b46f76b0_uniq; Type: CONSTRAINT; Schema: public; Owner: sip
--

ALTER TABLE ONLY public.waffle_flag_users
    ADD CONSTRAINT waffle_flag_users_flag_id_user_id_b46f76b0_uniq UNIQUE (flag_id, user_id);


--
-- Name: waffle_flag_users waffle_flag_users_pkey; Type: CONSTRAINT; Schema: public; Owner: sip
--

ALTER TABLE ONLY public.waffle_flag_users
    ADD CONSTRAINT waffle_flag_users_pkey PRIMARY KEY (id);


--
-- Name: waffle_sample waffle_sample_name_key; Type: CONSTRAINT; Schema: public; Owner: sip
--

ALTER TABLE ONLY public.waffle_sample
    ADD CONSTRAINT waffle_sample_name_key UNIQUE (name);


--
-- Name: waffle_sample waffle_sample_pkey; Type: CONSTRAINT; Schema: public; Owner: sip
--

ALTER TABLE ONLY public.waffle_sample
    ADD CONSTRAINT waffle_sample_pkey PRIMARY KEY (id);


--
-- Name: waffle_switch waffle_switch_name_key; Type: CONSTRAINT; Schema: public; Owner: sip
--

ALTER TABLE ONLY public.waffle_switch
    ADD CONSTRAINT waffle_switch_name_key UNIQUE (name);


--
-- Name: waffle_switch waffle_switch_pkey; Type: CONSTRAINT; Schema: public; Owner: sip
--

ALTER TABLE ONLY public.waffle_switch
    ADD CONSTRAINT waffle_switch_pkey PRIMARY KEY (id);


--
-- Name: account_emailaddress_email_03be32b2_like; Type: INDEX; Schema: public; Owner: sip
--

CREATE INDEX account_emailaddress_email_03be32b2_like ON public.account_emailaddress USING btree (email varchar_pattern_ops);


--
-- Name: account_emailaddress_user_id_2c513194; Type: INDEX; Schema: public; Owner: sip
--

CREATE INDEX account_emailaddress_user_id_2c513194 ON public.account_emailaddress USING btree (user_id);


--
-- Name: account_emailconfirmation_email_address_id_5b7f8c58; Type: INDEX; Schema: public; Owner: sip
--

CREATE INDEX account_emailconfirmation_email_address_id_5b7f8c58 ON public.account_emailconfirmation USING btree (email_address_id);


--
-- Name: account_emailconfirmation_key_f43612bd_like; Type: INDEX; Schema: public; Owner: sip
--

CREATE INDEX account_emailconfirmation_key_f43612bd_like ON public.account_emailconfirmation USING btree (key varchar_pattern_ops);


--
-- Name: aoi_aoi_polygon_id; Type: INDEX; Schema: public; Owner: sip
--

CREATE INDEX aoi_aoi_polygon_id ON public.aoi_aoi USING gist (polygon);


--
-- Name: aoi_aoi_user_id_id_11e356b5; Type: INDEX; Schema: public; Owner: sip
--

CREATE INDEX aoi_aoi_user_id_id_11e356b5 ON public.aoi_aoi USING btree (user_id);


--
-- Name: aoi_jupyternotebook_name_5ca4f926_like; Type: INDEX; Schema: public; Owner: sip
--

CREATE INDEX aoi_jupyternotebook_name_5ca4f926_like ON public.aoi_component USING btree (name varchar_pattern_ops);


--
-- Name: aoi_jupyternotebook_path_to_a_notebook_9e413ab7_like; Type: INDEX; Schema: public; Owner: sip
--

CREATE INDEX aoi_jupyternotebook_path_to_a_notebook_9e413ab7_like ON public.aoi_component USING btree (notebook_path varchar_pattern_ops);


--
-- Name: aoi_request_aoi_id_id_48f40c33; Type: INDEX; Schema: public; Owner: sip
--

CREATE INDEX aoi_request_aoi_id_id_48f40c33 ON public.aoi_request USING btree (aoi_id);


--
-- Name: aoi_request_jupyter_notebook_id_id_3d19e09e; Type: INDEX; Schema: public; Owner: sip
--

CREATE INDEX aoi_request_jupyter_notebook_id_id_3d19e09e ON public.aoi_request USING btree (component_id);


--
-- Name: aoi_request_polygon_id; Type: INDEX; Schema: public; Owner: sip
--

CREATE INDEX aoi_request_polygon_id ON public.aoi_request USING gist (polygon);


--
-- Name: aoi_request_user_id_id_b43c7e99; Type: INDEX; Schema: public; Owner: sip
--

CREATE INDEX aoi_request_user_id_id_b43c7e99 ON public.aoi_request USING btree (user_id);


--
-- Name: aoi_transactionerrormess_original_component_error_8637fdde_like; Type: INDEX; Schema: public; Owner: sip
--

CREATE INDEX aoi_transactionerrormess_original_component_error_8637fdde_like ON public.aoi_transactionerrormessage USING btree (original_component_error varchar_pattern_ops);


--
-- Name: auth_group_name_a6ea08ec_like; Type: INDEX; Schema: public; Owner: sip
--

CREATE INDEX auth_group_name_a6ea08ec_like ON public.auth_group USING btree (name varchar_pattern_ops);


--
-- Name: auth_group_permissions_group_id_b120cbf9; Type: INDEX; Schema: public; Owner: sip
--

CREATE INDEX auth_group_permissions_group_id_b120cbf9 ON public.auth_group_permissions USING btree (group_id);


--
-- Name: auth_group_permissions_permission_id_84c5c92e; Type: INDEX; Schema: public; Owner: sip
--

CREATE INDEX auth_group_permissions_permission_id_84c5c92e ON public.auth_group_permissions USING btree (permission_id);


--
-- Name: auth_permission_content_type_id_2f476e4b; Type: INDEX; Schema: public; Owner: sip
--

CREATE INDEX auth_permission_content_type_id_2f476e4b ON public.auth_permission USING btree (content_type_id);


--
-- Name: authtoken_token_key_10f0b77e_like; Type: INDEX; Schema: public; Owner: sip
--

CREATE INDEX authtoken_token_key_10f0b77e_like ON public.authtoken_token USING btree (key varchar_pattern_ops);


--
-- Name: django_admin_log_content_type_id_c4bce8eb; Type: INDEX; Schema: public; Owner: sip
--

CREATE INDEX django_admin_log_content_type_id_c4bce8eb ON public.django_admin_log USING btree (content_type_id);


--
-- Name: django_admin_log_user_id_c564eba6; Type: INDEX; Schema: public; Owner: sip
--

CREATE INDEX django_admin_log_user_id_c564eba6 ON public.django_admin_log USING btree (user_id);


--
-- Name: django_session_expire_date_a5c62663; Type: INDEX; Schema: public; Owner: sip
--

CREATE INDEX django_session_expire_date_a5c62663 ON public.django_session USING btree (expire_date);


--
-- Name: django_session_session_key_c0390e0f_like; Type: INDEX; Schema: public; Owner: sip
--

CREATE INDEX django_session_session_key_c0390e0f_like ON public.django_session USING btree (session_key varchar_pattern_ops);


--
-- Name: django_site_domain_a2e37b91_like; Type: INDEX; Schema: public; Owner: sip
--

CREATE INDEX django_site_domain_a2e37b91_like ON public.django_site USING btree (domain varchar_pattern_ops);


--
-- Name: publisher_result_filepath_4afb94f5_like; Type: INDEX; Schema: public; Owner: sip
--

CREATE INDEX publisher_result_filepath_4afb94f5_like ON public.publisher_result USING btree (filepath varchar_pattern_ops);


--
-- Name: publisher_result_polygon_id; Type: INDEX; Schema: public; Owner: sip
--

CREATE INDEX publisher_result_polygon_id ON public.publisher_result USING gist (bounding_polygon);


--
-- Name: publisher_result_request_id_id_c342f397; Type: INDEX; Schema: public; Owner: sip
--

CREATE INDEX publisher_result_request_id_id_c342f397 ON public.publisher_result USING btree (request_id);


--
-- Name: user_transaction_created_at_ac4e3537; Type: INDEX; Schema: public; Owner: sip
--

CREATE INDEX user_transaction_created_at_ac4e3537 ON public.user_transaction USING btree (created_at);


--
-- Name: user_transaction_request_id_c90a3691; Type: INDEX; Schema: public; Owner: sip
--

CREATE INDEX user_transaction_request_id_c90a3691 ON public.user_transaction USING btree (request_id);


--
-- Name: user_transaction_user_id_78e02c6c; Type: INDEX; Schema: public; Owner: sip
--

CREATE INDEX user_transaction_user_id_78e02c6c ON public.user_transaction USING btree (user_id);


--
-- Name: user_user_groups_group_id_c57f13c0; Type: INDEX; Schema: public; Owner: sip
--

CREATE INDEX user_user_groups_group_id_c57f13c0 ON public.user_user_groups USING btree (group_id);


--
-- Name: user_user_groups_user_id_13f9a20d; Type: INDEX; Schema: public; Owner: sip
--

CREATE INDEX user_user_groups_user_id_13f9a20d ON public.user_user_groups USING btree (user_id);


--
-- Name: user_user_user_permissions_permission_id_ce49d4de; Type: INDEX; Schema: public; Owner: sip
--

CREATE INDEX user_user_user_permissions_permission_id_ce49d4de ON public.user_user_user_permissions USING btree (permission_id);


--
-- Name: user_user_user_permissions_user_id_31782f58; Type: INDEX; Schema: public; Owner: sip
--

CREATE INDEX user_user_user_permissions_user_id_31782f58 ON public.user_user_user_permissions USING btree (user_id);


--
-- Name: user_user_username_e2bdfe0c_like; Type: INDEX; Schema: public; Owner: sip
--

CREATE INDEX user_user_username_e2bdfe0c_like ON public.user_user USING btree (username varchar_pattern_ops);


--
-- Name: waffle_flag_created_4a6e8cef; Type: INDEX; Schema: public; Owner: sip
--

CREATE INDEX waffle_flag_created_4a6e8cef ON public.waffle_flag USING btree (created);


--
-- Name: waffle_flag_groups_flag_id_c11c0c05; Type: INDEX; Schema: public; Owner: sip
--

CREATE INDEX waffle_flag_groups_flag_id_c11c0c05 ON public.waffle_flag_groups USING btree (flag_id);


--
-- Name: waffle_flag_groups_group_id_a97c4f66; Type: INDEX; Schema: public; Owner: sip
--

CREATE INDEX waffle_flag_groups_group_id_a97c4f66 ON public.waffle_flag_groups USING btree (group_id);


--
-- Name: waffle_flag_name_8799ccdf_like; Type: INDEX; Schema: public; Owner: sip
--

CREATE INDEX waffle_flag_name_8799ccdf_like ON public.waffle_flag USING btree (name varchar_pattern_ops);


--
-- Name: waffle_flag_users_flag_id_833c37b0; Type: INDEX; Schema: public; Owner: sip
--

CREATE INDEX waffle_flag_users_flag_id_833c37b0 ON public.waffle_flag_users USING btree (flag_id);


--
-- Name: waffle_flag_users_user_id_8026df9b; Type: INDEX; Schema: public; Owner: sip
--

CREATE INDEX waffle_flag_users_user_id_8026df9b ON public.waffle_flag_users USING btree (user_id);


--
-- Name: waffle_sample_created_76198bd5; Type: INDEX; Schema: public; Owner: sip
--

CREATE INDEX waffle_sample_created_76198bd5 ON public.waffle_sample USING btree (created);


--
-- Name: waffle_sample_name_26b507bc_like; Type: INDEX; Schema: public; Owner: sip
--

CREATE INDEX waffle_sample_name_26b507bc_like ON public.waffle_sample USING btree (name varchar_pattern_ops);


--
-- Name: waffle_switch_created_c004e77e; Type: INDEX; Schema: public; Owner: sip
--

CREATE INDEX waffle_switch_created_c004e77e ON public.waffle_switch USING btree (created);


--
-- Name: waffle_switch_name_68a12dd8_like; Type: INDEX; Schema: public; Owner: sip
--

CREATE INDEX waffle_switch_name_68a12dd8_like ON public.waffle_switch USING btree (name varchar_pattern_ops);


--
-- Name: account_emailaddress account_emailaddress_user_id_2c513194_fk_user_user_id; Type: FK CONSTRAINT; Schema: public; Owner: sip
--

ALTER TABLE ONLY public.account_emailaddress
    ADD CONSTRAINT account_emailaddress_user_id_2c513194_fk_user_user_id FOREIGN KEY (user_id) REFERENCES public.user_user(id) DEFERRABLE INITIALLY DEFERRED;


--
-- Name: account_emailconfirmation account_emailconfirm_email_address_id_5b7f8c58_fk_account_e; Type: FK CONSTRAINT; Schema: public; Owner: sip
--

ALTER TABLE ONLY public.account_emailconfirmation
    ADD CONSTRAINT account_emailconfirm_email_address_id_5b7f8c58_fk_account_e FOREIGN KEY (email_address_id) REFERENCES public.account_emailaddress(id) DEFERRABLE INITIALLY DEFERRED;


--
-- Name: aoi_aoi aoi_aoi_user_id_10b54171_fk_user_user_id; Type: FK CONSTRAINT; Schema: public; Owner: sip
--

ALTER TABLE ONLY public.aoi_aoi
    ADD CONSTRAINT aoi_aoi_user_id_10b54171_fk_user_user_id FOREIGN KEY (user_id) REFERENCES public.user_user(id) DEFERRABLE INITIALLY DEFERRED;


--
-- Name: aoi_request aoi_request_aoi_id_a780f213_fk_aoi_aoi_id; Type: FK CONSTRAINT; Schema: public; Owner: sip
--

ALTER TABLE ONLY public.aoi_request
    ADD CONSTRAINT aoi_request_aoi_id_a780f213_fk_aoi_aoi_id FOREIGN KEY (aoi_id) REFERENCES public.aoi_aoi(id) DEFERRABLE INITIALLY DEFERRED;


--
-- Name: aoi_request aoi_request_component_id_3304cb91_fk_aoi_component_id; Type: FK CONSTRAINT; Schema: public; Owner: sip
--

ALTER TABLE ONLY public.aoi_request
    ADD CONSTRAINT aoi_request_component_id_3304cb91_fk_aoi_component_id FOREIGN KEY (component_id) REFERENCES public.aoi_component(id) DEFERRABLE INITIALLY DEFERRED;


--
-- Name: aoi_request aoi_request_user_id_9d499769_fk_user_user_id; Type: FK CONSTRAINT; Schema: public; Owner: sip
--

ALTER TABLE ONLY public.aoi_request
    ADD CONSTRAINT aoi_request_user_id_9d499769_fk_user_user_id FOREIGN KEY (user_id) REFERENCES public.user_user(id) DEFERRABLE INITIALLY DEFERRED;


--
-- Name: auth_group_permissions auth_group_permissio_permission_id_84c5c92e_fk_auth_perm; Type: FK CONSTRAINT; Schema: public; Owner: sip
--

ALTER TABLE ONLY public.auth_group_permissions
    ADD CONSTRAINT auth_group_permissio_permission_id_84c5c92e_fk_auth_perm FOREIGN KEY (permission_id) REFERENCES public.auth_permission(id) DEFERRABLE INITIALLY DEFERRED;


--
-- Name: auth_group_permissions auth_group_permissions_group_id_b120cbf9_fk_auth_group_id; Type: FK CONSTRAINT; Schema: public; Owner: sip
--

ALTER TABLE ONLY public.auth_group_permissions
    ADD CONSTRAINT auth_group_permissions_group_id_b120cbf9_fk_auth_group_id FOREIGN KEY (group_id) REFERENCES public.auth_group(id) DEFERRABLE INITIALLY DEFERRED;


--
-- Name: auth_permission auth_permission_content_type_id_2f476e4b_fk_django_co; Type: FK CONSTRAINT; Schema: public; Owner: sip
--

ALTER TABLE ONLY public.auth_permission
    ADD CONSTRAINT auth_permission_content_type_id_2f476e4b_fk_django_co FOREIGN KEY (content_type_id) REFERENCES public.django_content_type(id) DEFERRABLE INITIALLY DEFERRED;


--
-- Name: authtoken_token authtoken_token_user_id_35299eff_fk_user_user_id; Type: FK CONSTRAINT; Schema: public; Owner: sip
--

ALTER TABLE ONLY public.authtoken_token
    ADD CONSTRAINT authtoken_token_user_id_35299eff_fk_user_user_id FOREIGN KEY (user_id) REFERENCES public.user_user(id) DEFERRABLE INITIALLY DEFERRED;


--
-- Name: django_admin_log django_admin_log_content_type_id_c4bce8eb_fk_django_co; Type: FK CONSTRAINT; Schema: public; Owner: sip
--

ALTER TABLE ONLY public.django_admin_log
    ADD CONSTRAINT django_admin_log_content_type_id_c4bce8eb_fk_django_co FOREIGN KEY (content_type_id) REFERENCES public.django_content_type(id) DEFERRABLE INITIALLY DEFERRED;


--
-- Name: django_admin_log django_admin_log_user_id_c564eba6_fk_user_user_id; Type: FK CONSTRAINT; Schema: public; Owner: sip
--

ALTER TABLE ONLY public.django_admin_log
    ADD CONSTRAINT django_admin_log_user_id_c564eba6_fk_user_user_id FOREIGN KEY (user_id) REFERENCES public.user_user(id) DEFERRABLE INITIALLY DEFERRED;


--
-- Name: publisher_acl publisher_acl_user_id_9f5c1ca9_fk_user_user_id; Type: FK CONSTRAINT; Schema: public; Owner: sip
--

ALTER TABLE ONLY public.publisher_acl
    ADD CONSTRAINT publisher_acl_user_id_9f5c1ca9_fk_user_user_id FOREIGN KEY (user_id) REFERENCES public.user_user(id) DEFERRABLE INITIALLY DEFERRED;


--
-- Name: publisher_result publisher_result_request_id_164a445f_fk_aoi_request_id; Type: FK CONSTRAINT; Schema: public; Owner: sip
--

ALTER TABLE ONLY public.publisher_result
    ADD CONSTRAINT publisher_result_request_id_164a445f_fk_aoi_request_id FOREIGN KEY (request_id) REFERENCES public.aoi_request(id) DEFERRABLE INITIALLY DEFERRED;


--
-- Name: user_transaction user_transaction_request_id_c90a3691_fk_aoi_request_id; Type: FK CONSTRAINT; Schema: public; Owner: sip
--

ALTER TABLE ONLY public.user_transaction
    ADD CONSTRAINT user_transaction_request_id_c90a3691_fk_aoi_request_id FOREIGN KEY (request_id) REFERENCES public.aoi_request(id) DEFERRABLE INITIALLY DEFERRED;


--
-- Name: user_transaction user_transaction_user_id_78e02c6c_fk_user_user_id; Type: FK CONSTRAINT; Schema: public; Owner: sip
--

ALTER TABLE ONLY public.user_transaction
    ADD CONSTRAINT user_transaction_user_id_78e02c6c_fk_user_user_id FOREIGN KEY (user_id) REFERENCES public.user_user(id) DEFERRABLE INITIALLY DEFERRED;


--
-- Name: user_user_groups user_user_groups_group_id_c57f13c0_fk_auth_group_id; Type: FK CONSTRAINT; Schema: public; Owner: sip
--

ALTER TABLE ONLY public.user_user_groups
    ADD CONSTRAINT user_user_groups_group_id_c57f13c0_fk_auth_group_id FOREIGN KEY (group_id) REFERENCES public.auth_group(id) DEFERRABLE INITIALLY DEFERRED;


--
-- Name: user_user_groups user_user_groups_user_id_13f9a20d_fk_user_user_id; Type: FK CONSTRAINT; Schema: public; Owner: sip
--

ALTER TABLE ONLY public.user_user_groups
    ADD CONSTRAINT user_user_groups_user_id_13f9a20d_fk_user_user_id FOREIGN KEY (user_id) REFERENCES public.user_user(id) DEFERRABLE INITIALLY DEFERRED;


--
-- Name: user_user_user_permissions user_user_user_permi_permission_id_ce49d4de_fk_auth_perm; Type: FK CONSTRAINT; Schema: public; Owner: sip
--

ALTER TABLE ONLY public.user_user_user_permissions
    ADD CONSTRAINT user_user_user_permi_permission_id_ce49d4de_fk_auth_perm FOREIGN KEY (permission_id) REFERENCES public.auth_permission(id) DEFERRABLE INITIALLY DEFERRED;


--
-- Name: user_user_user_permissions user_user_user_permissions_user_id_31782f58_fk_user_user_id; Type: FK CONSTRAINT; Schema: public; Owner: sip
--

ALTER TABLE ONLY public.user_user_user_permissions
    ADD CONSTRAINT user_user_user_permissions_user_id_31782f58_fk_user_user_id FOREIGN KEY (user_id) REFERENCES public.user_user(id) DEFERRABLE INITIALLY DEFERRED;


--
-- Name: waffle_flag_groups waffle_flag_groups_flag_id_c11c0c05_fk_waffle_flag_id; Type: FK CONSTRAINT; Schema: public; Owner: sip
--

ALTER TABLE ONLY public.waffle_flag_groups
    ADD CONSTRAINT waffle_flag_groups_flag_id_c11c0c05_fk_waffle_flag_id FOREIGN KEY (flag_id) REFERENCES public.waffle_flag(id) DEFERRABLE INITIALLY DEFERRED;


--
-- Name: waffle_flag_groups waffle_flag_groups_group_id_a97c4f66_fk_auth_group_id; Type: FK CONSTRAINT; Schema: public; Owner: sip
--

ALTER TABLE ONLY public.waffle_flag_groups
    ADD CONSTRAINT waffle_flag_groups_group_id_a97c4f66_fk_auth_group_id FOREIGN KEY (group_id) REFERENCES public.auth_group(id) DEFERRABLE INITIALLY DEFERRED;


--
-- Name: waffle_flag_users waffle_flag_users_flag_id_833c37b0_fk_waffle_flag_id; Type: FK CONSTRAINT; Schema: public; Owner: sip
--

ALTER TABLE ONLY public.waffle_flag_users
    ADD CONSTRAINT waffle_flag_users_flag_id_833c37b0_fk_waffle_flag_id FOREIGN KEY (flag_id) REFERENCES public.waffle_flag(id) DEFERRABLE INITIALLY DEFERRED;


--
-- Name: waffle_flag_users waffle_flag_users_user_id_8026df9b_fk_user_user_id; Type: FK CONSTRAINT; Schema: public; Owner: sip
--

ALTER TABLE ONLY public.waffle_flag_users
    ADD CONSTRAINT waffle_flag_users_user_id_8026df9b_fk_user_user_id FOREIGN KEY (user_id) REFERENCES public.user_user(id) DEFERRABLE INITIALLY DEFERRED;


--
-- PostgreSQL database dump complete
--

