--
-- PostgreSQL database dump
--

-- Dumped from database version 13.1 (Debian 13.1-1.pgdg100+1)
-- Dumped by pg_dump version 14.5 (Ubuntu 14.5-0ubuntu0.22.04.1)

-- Started on 2022-11-15 17:43:19 EET

SET statement_timeout = 0;
SET lock_timeout = 0;
SET idle_in_transaction_session_timeout = 0;
SET client_encoding = 'UTF8';
SET standard_conforming_strings = on;
SELECT pg_catalog.set_config('search_path', '', false);
SET check_function_bodies = false;
SET xmloption = content;
SET client_min_messages = warning;
SET row_security = off;

--
-- TOC entry 10 (class 2615 OID 19129)
-- Name: tiger; Type: SCHEMA; Schema: -; Owner: sip
--

CREATE SCHEMA tiger;


ALTER SCHEMA tiger OWNER TO sip;

--
-- TOC entry 7 (class 2615 OID 19399)
-- Name: tiger_data; Type: SCHEMA; Schema: -; Owner: sip
--

CREATE SCHEMA tiger_data;


ALTER SCHEMA tiger_data OWNER TO sip;

--
-- TOC entry 9 (class 2615 OID 18974)
-- Name: topology; Type: SCHEMA; Schema: -; Owner: sip
--

CREATE SCHEMA topology;


ALTER SCHEMA topology OWNER TO sip;

--
-- TOC entry 4679 (class 0 OID 0)
-- Dependencies: 9
-- Name: SCHEMA topology; Type: COMMENT; Schema: -; Owner: sip
--

COMMENT ON SCHEMA topology IS 'PostGIS Topology schema';


--
-- TOC entry 2 (class 3079 OID 19559)
-- Name: fuzzystrmatch; Type: EXTENSION; Schema: -; Owner: -
--

CREATE EXTENSION IF NOT EXISTS fuzzystrmatch WITH SCHEMA public;


--
-- TOC entry 4680 (class 0 OID 0)
-- Dependencies: 2
-- Name: EXTENSION fuzzystrmatch; Type: COMMENT; Schema: -; Owner: 
--

COMMENT ON EXTENSION fuzzystrmatch IS 'determine similarities and distance between strings';


--
-- TOC entry 3 (class 3079 OID 19570)
-- Name: postgis; Type: EXTENSION; Schema: -; Owner: -
--

CREATE EXTENSION IF NOT EXISTS postgis WITH SCHEMA public;


--
-- TOC entry 4681 (class 0 OID 0)
-- Dependencies: 3
-- Name: EXTENSION postgis; Type: COMMENT; Schema: -; Owner: 
--

COMMENT ON EXTENSION postgis IS 'PostGIS geometry, geography, and raster spatial types and functions';


--
-- TOC entry 4 (class 3079 OID 20572)
-- Name: postgis_tiger_geocoder; Type: EXTENSION; Schema: -; Owner: -
--

CREATE EXTENSION IF NOT EXISTS postgis_tiger_geocoder WITH SCHEMA tiger;


--
-- TOC entry 4682 (class 0 OID 0)
-- Dependencies: 4
-- Name: EXTENSION postgis_tiger_geocoder; Type: COMMENT; Schema: -; Owner: 
--

COMMENT ON EXTENSION postgis_tiger_geocoder IS 'PostGIS tiger geocoder and reverse geocoder';


--
-- TOC entry 5 (class 3079 OID 20999)
-- Name: postgis_topology; Type: EXTENSION; Schema: -; Owner: -
--

CREATE EXTENSION IF NOT EXISTS postgis_topology WITH SCHEMA topology;


--
-- TOC entry 4683 (class 0 OID 0)
-- Dependencies: 5
-- Name: EXTENSION postgis_topology; Type: COMMENT; Schema: -; Owner: 
--

COMMENT ON EXTENSION postgis_topology IS 'PostGIS topology spatial types and functions';


SET default_tablespace = '';

SET default_table_access_method = heap;

--
-- TOC entry 268 (class 1259 OID 21142)
-- Name: aoi_aoi; Type: TABLE; Schema: public; Owner: sip
--

CREATE TABLE public.aoi_aoi (
    id integer NOT NULL,
    name character varying(200) NOT NULL,
    polygon public.geometry(Polygon,4326) NOT NULL,
    createdat timestamp with time zone NOT NULL,
    user_id integer NOT NULL,
    type integer NOT NULL
);


ALTER TABLE public.aoi_aoi OWNER TO sip;

--
-- TOC entry 269 (class 1259 OID 21148)
-- Name: aoi_aoi_id_seq; Type: SEQUENCE; Schema: public; Owner: sip
--

CREATE SEQUENCE public.aoi_aoi_id_seq
    AS integer
    START WITH 1
    INCREMENT BY 1
    NO MINVALUE
    NO MAXVALUE
    CACHE 1;


ALTER TABLE public.aoi_aoi_id_seq OWNER TO sip;

--
-- TOC entry 4684 (class 0 OID 0)
-- Dependencies: 269
-- Name: aoi_aoi_id_seq; Type: SEQUENCE OWNED BY; Schema: public; Owner: sip
--

ALTER SEQUENCE public.aoi_aoi_id_seq OWNED BY public.aoi_aoi.id;


--
-- TOC entry 270 (class 1259 OID 21150)
-- Name: aoi_component; Type: TABLE; Schema: public; Owner: sip
--

CREATE TABLE public.aoi_component (
    id integer NOT NULL,
    name character varying(50) NOT NULL,
    image character varying(255) NOT NULL,
    command character varying(1000),
    "require_GPU" boolean NOT NULL,
    run_validation boolean NOT NULL,
    success boolean NOT NULL
);


ALTER TABLE public.aoi_component OWNER TO sip;

--
-- TOC entry 271 (class 1259 OID 21156)
-- Name: aoi_component_id_seq; Type: SEQUENCE; Schema: public; Owner: sip
--

CREATE SEQUENCE public.aoi_component_id_seq
    AS integer
    START WITH 1
    INCREMENT BY 1
    NO MINVALUE
    NO MAXVALUE
    CACHE 1;


ALTER TABLE public.aoi_component_id_seq OWNER TO sip;

--
-- TOC entry 4685 (class 0 OID 0)
-- Dependencies: 271
-- Name: aoi_component_id_seq; Type: SEQUENCE OWNED BY; Schema: public; Owner: sip
--

ALTER SEQUENCE public.aoi_component_id_seq OWNED BY public.aoi_component.id;


--
-- TOC entry 272 (class 1259 OID 21158)
-- Name: aoi_component_inputs; Type: TABLE; Schema: public; Owner: sip
--

CREATE TABLE public.aoi_component_inputs (
    id integer NOT NULL,
    component_id integer NOT NULL,
    input_id integer NOT NULL
);


ALTER TABLE public.aoi_component_inputs OWNER TO sip;

--
-- TOC entry 273 (class 1259 OID 21161)
-- Name: aoi_component_inputs_id_seq; Type: SEQUENCE; Schema: public; Owner: sip
--

CREATE SEQUENCE public.aoi_component_inputs_id_seq
    AS integer
    START WITH 1
    INCREMENT BY 1
    NO MINVALUE
    NO MAXVALUE
    CACHE 1;


ALTER TABLE public.aoi_component_inputs_id_seq OWNER TO sip;

--
-- TOC entry 4686 (class 0 OID 0)
-- Dependencies: 273
-- Name: aoi_component_inputs_id_seq; Type: SEQUENCE OWNED BY; Schema: public; Owner: sip
--

ALTER SEQUENCE public.aoi_component_inputs_id_seq OWNED BY public.aoi_component_inputs.id;


--
-- TOC entry 274 (class 1259 OID 21163)
-- Name: aoi_component_outputs; Type: TABLE; Schema: public; Owner: sip
--

CREATE TABLE public.aoi_component_outputs (
    id integer NOT NULL,
    component_id integer NOT NULL,
    output_id integer NOT NULL
);


ALTER TABLE public.aoi_component_outputs OWNER TO sip;

--
-- TOC entry 275 (class 1259 OID 21166)
-- Name: aoi_component_outputs_id_seq; Type: SEQUENCE; Schema: public; Owner: sip
--

CREATE SEQUENCE public.aoi_component_outputs_id_seq
    AS integer
    START WITH 1
    INCREMENT BY 1
    NO MINVALUE
    NO MAXVALUE
    CACHE 1;


ALTER TABLE public.aoi_component_outputs_id_seq OWNER TO sip;

--
-- TOC entry 4687 (class 0 OID 0)
-- Dependencies: 275
-- Name: aoi_component_outputs_id_seq; Type: SEQUENCE OWNED BY; Schema: public; Owner: sip
--

ALTER SEQUENCE public.aoi_component_outputs_id_seq OWNED BY public.aoi_component_outputs.id;


--
-- TOC entry 276 (class 1259 OID 21168)
-- Name: aoi_input; Type: TABLE; Schema: public; Owner: sip
--

CREATE TABLE public.aoi_input (
    id integer NOT NULL,
    name character varying(50) NOT NULL,
    type character varying(10) NOT NULL,
    assigned_from character varying(20) NOT NULL,
    is_file boolean NOT NULL
);


ALTER TABLE public.aoi_input OWNER TO sip;

--
-- TOC entry 277 (class 1259 OID 21171)
-- Name: aoi_input_id_seq; Type: SEQUENCE; Schema: public; Owner: sip
--

CREATE SEQUENCE public.aoi_input_id_seq
    AS integer
    START WITH 1
    INCREMENT BY 1
    NO MINVALUE
    NO MAXVALUE
    CACHE 1;


ALTER TABLE public.aoi_input_id_seq OWNER TO sip;

--
-- TOC entry 4688 (class 0 OID 0)
-- Dependencies: 277
-- Name: aoi_input_id_seq; Type: SEQUENCE OWNED BY; Schema: public; Owner: sip
--

ALTER SEQUENCE public.aoi_input_id_seq OWNED BY public.aoi_input.id;


--
-- TOC entry 278 (class 1259 OID 21173)
-- Name: aoi_jupyternotebook; Type: TABLE; Schema: public; Owner: sip
--

CREATE TABLE public.aoi_jupyternotebook (
    id integer NOT NULL,
    name character varying(200) NOT NULL,
    image character varying(400) NOT NULL,
    path character varying(200) NOT NULL,
    kernel_name character varying(200),
    options jsonb,
    run_validation boolean NOT NULL,
    success boolean NOT NULL,
    additional_parameter character varying(50),
    run_on_gpu boolean NOT NULL,
    period_required boolean NOT NULL
);


ALTER TABLE public.aoi_jupyternotebook OWNER TO sip;

--
-- TOC entry 279 (class 1259 OID 21179)
-- Name: aoi_jupyternotebook_id_seq; Type: SEQUENCE; Schema: public; Owner: sip
--

CREATE SEQUENCE public.aoi_jupyternotebook_id_seq
    AS integer
    START WITH 1
    INCREMENT BY 1
    NO MINVALUE
    NO MAXVALUE
    CACHE 1;


ALTER TABLE public.aoi_jupyternotebook_id_seq OWNER TO sip;

--
-- TOC entry 4689 (class 0 OID 0)
-- Dependencies: 279
-- Name: aoi_jupyternotebook_id_seq; Type: SEQUENCE OWNED BY; Schema: public; Owner: sip
--

ALTER SEQUENCE public.aoi_jupyternotebook_id_seq OWNED BY public.aoi_jupyternotebook.id;


--
-- TOC entry 280 (class 1259 OID 21181)
-- Name: aoi_output; Type: TABLE; Schema: public; Owner: sip
--

CREATE TABLE public.aoi_output (
    id integer NOT NULL,
    name character varying(50) NOT NULL,
    is_error boolean NOT NULL,
    value character varying(255)
);


ALTER TABLE public.aoi_output OWNER TO sip;

--
-- TOC entry 281 (class 1259 OID 21184)
-- Name: aoi_output_id_seq; Type: SEQUENCE; Schema: public; Owner: sip
--

CREATE SEQUENCE public.aoi_output_id_seq
    AS integer
    START WITH 1
    INCREMENT BY 1
    NO MINVALUE
    NO MAXVALUE
    CACHE 1;


ALTER TABLE public.aoi_output_id_seq OWNER TO sip;

--
-- TOC entry 4690 (class 0 OID 0)
-- Dependencies: 281
-- Name: aoi_output_id_seq; Type: SEQUENCE OWNED BY; Schema: public; Owner: sip
--

ALTER SEQUENCE public.aoi_output_id_seq OWNED BY public.aoi_output.id;


--
-- TOC entry 282 (class 1259 OID 21186)
-- Name: aoi_request; Type: TABLE; Schema: public; Owner: sip
--

CREATE TABLE public.aoi_request (
    id integer NOT NULL,
    date_from date,
    date_to date,
    started_at timestamp with time zone,
    finished_at timestamp with time zone,
    error character varying(400),
    aoi_id integer,
    notebook_id integer NOT NULL,
    user_id integer NOT NULL,
    success boolean NOT NULL,
    polygon public.geometry(Polygon,4326) NOT NULL,
    calculated boolean NOT NULL,
    additional_parameter character varying(50)
);


ALTER TABLE public.aoi_request OWNER TO sip;

--
-- TOC entry 283 (class 1259 OID 21192)
-- Name: aoi_request_id_seq; Type: SEQUENCE; Schema: public; Owner: sip
--

CREATE SEQUENCE public.aoi_request_id_seq
    AS integer
    START WITH 1
    INCREMENT BY 1
    NO MINVALUE
    NO MAXVALUE
    CACHE 1;


ALTER TABLE public.aoi_request_id_seq OWNER TO sip;

--
-- TOC entry 4691 (class 0 OID 0)
-- Dependencies: 283
-- Name: aoi_request_id_seq; Type: SEQUENCE OWNED BY; Schema: public; Owner: sip
--

ALTER SEQUENCE public.aoi_request_id_seq OWNED BY public.aoi_request.id;


--
-- TOC entry 284 (class 1259 OID 21194)
-- Name: auth_group; Type: TABLE; Schema: public; Owner: sip
--

CREATE TABLE public.auth_group (
    id integer NOT NULL,
    name character varying(150) NOT NULL
);


ALTER TABLE public.auth_group OWNER TO sip;

--
-- TOC entry 285 (class 1259 OID 21197)
-- Name: auth_group_id_seq; Type: SEQUENCE; Schema: public; Owner: sip
--

CREATE SEQUENCE public.auth_group_id_seq
    AS integer
    START WITH 1
    INCREMENT BY 1
    NO MINVALUE
    NO MAXVALUE
    CACHE 1;


ALTER TABLE public.auth_group_id_seq OWNER TO sip;

--
-- TOC entry 4692 (class 0 OID 0)
-- Dependencies: 285
-- Name: auth_group_id_seq; Type: SEQUENCE OWNED BY; Schema: public; Owner: sip
--

ALTER SEQUENCE public.auth_group_id_seq OWNED BY public.auth_group.id;


--
-- TOC entry 286 (class 1259 OID 21199)
-- Name: auth_group_permissions; Type: TABLE; Schema: public; Owner: sip
--

CREATE TABLE public.auth_group_permissions (
    id integer NOT NULL,
    group_id integer NOT NULL,
    permission_id integer NOT NULL
);


ALTER TABLE public.auth_group_permissions OWNER TO sip;

--
-- TOC entry 287 (class 1259 OID 21202)
-- Name: auth_group_permissions_id_seq; Type: SEQUENCE; Schema: public; Owner: sip
--

CREATE SEQUENCE public.auth_group_permissions_id_seq
    AS integer
    START WITH 1
    INCREMENT BY 1
    NO MINVALUE
    NO MAXVALUE
    CACHE 1;


ALTER TABLE public.auth_group_permissions_id_seq OWNER TO sip;

--
-- TOC entry 4693 (class 0 OID 0)
-- Dependencies: 287
-- Name: auth_group_permissions_id_seq; Type: SEQUENCE OWNED BY; Schema: public; Owner: sip
--

ALTER SEQUENCE public.auth_group_permissions_id_seq OWNED BY public.auth_group_permissions.id;


--
-- TOC entry 288 (class 1259 OID 21204)
-- Name: auth_permission; Type: TABLE; Schema: public; Owner: sip
--

CREATE TABLE public.auth_permission (
    id integer NOT NULL,
    name character varying(255) NOT NULL,
    content_type_id integer NOT NULL,
    codename character varying(100) NOT NULL
);


ALTER TABLE public.auth_permission OWNER TO sip;

--
-- TOC entry 289 (class 1259 OID 21207)
-- Name: auth_permission_id_seq; Type: SEQUENCE; Schema: public; Owner: sip
--

CREATE SEQUENCE public.auth_permission_id_seq
    AS integer
    START WITH 1
    INCREMENT BY 1
    NO MINVALUE
    NO MAXVALUE
    CACHE 1;


ALTER TABLE public.auth_permission_id_seq OWNER TO sip;

--
-- TOC entry 4694 (class 0 OID 0)
-- Dependencies: 289
-- Name: auth_permission_id_seq; Type: SEQUENCE OWNED BY; Schema: public; Owner: sip
--

ALTER SEQUENCE public.auth_permission_id_seq OWNED BY public.auth_permission.id;


--
-- TOC entry 290 (class 1259 OID 21209)
-- Name: authtoken_token; Type: TABLE; Schema: public; Owner: sip
--

CREATE TABLE public.authtoken_token (
    key character varying(40) NOT NULL,
    created timestamp with time zone NOT NULL,
    user_id integer NOT NULL
);


ALTER TABLE public.authtoken_token OWNER TO sip;

--
-- TOC entry 291 (class 1259 OID 21212)
-- Name: django_admin_log; Type: TABLE; Schema: public; Owner: sip
--

CREATE TABLE public.django_admin_log (
    id integer NOT NULL,
    action_time timestamp with time zone NOT NULL,
    object_id text,
    object_repr character varying(200) NOT NULL,
    action_flag smallint NOT NULL,
    change_message text NOT NULL,
    content_type_id integer,
    user_id integer NOT NULL,
    CONSTRAINT django_admin_log_action_flag_check CHECK ((action_flag >= 0))
);


ALTER TABLE public.django_admin_log OWNER TO sip;

--
-- TOC entry 292 (class 1259 OID 21219)
-- Name: django_admin_log_id_seq; Type: SEQUENCE; Schema: public; Owner: sip
--

CREATE SEQUENCE public.django_admin_log_id_seq
    AS integer
    START WITH 1
    INCREMENT BY 1
    NO MINVALUE
    NO MAXVALUE
    CACHE 1;


ALTER TABLE public.django_admin_log_id_seq OWNER TO sip;

--
-- TOC entry 4695 (class 0 OID 0)
-- Dependencies: 292
-- Name: django_admin_log_id_seq; Type: SEQUENCE OWNED BY; Schema: public; Owner: sip
--

ALTER SEQUENCE public.django_admin_log_id_seq OWNED BY public.django_admin_log.id;


--
-- TOC entry 293 (class 1259 OID 21221)
-- Name: django_content_type; Type: TABLE; Schema: public; Owner: sip
--

CREATE TABLE public.django_content_type (
    id integer NOT NULL,
    app_label character varying(100) NOT NULL,
    model character varying(100) NOT NULL
);


ALTER TABLE public.django_content_type OWNER TO sip;

--
-- TOC entry 294 (class 1259 OID 21224)
-- Name: django_content_type_id_seq; Type: SEQUENCE; Schema: public; Owner: sip
--

CREATE SEQUENCE public.django_content_type_id_seq
    AS integer
    START WITH 1
    INCREMENT BY 1
    NO MINVALUE
    NO MAXVALUE
    CACHE 1;


ALTER TABLE public.django_content_type_id_seq OWNER TO sip;

--
-- TOC entry 4696 (class 0 OID 0)
-- Dependencies: 294
-- Name: django_content_type_id_seq; Type: SEQUENCE OWNED BY; Schema: public; Owner: sip
--

ALTER SEQUENCE public.django_content_type_id_seq OWNED BY public.django_content_type.id;


--
-- TOC entry 295 (class 1259 OID 21226)
-- Name: django_migrations; Type: TABLE; Schema: public; Owner: sip
--

CREATE TABLE public.django_migrations (
    id integer NOT NULL,
    app character varying(255) NOT NULL,
    name character varying(255) NOT NULL,
    applied timestamp with time zone NOT NULL
);


ALTER TABLE public.django_migrations OWNER TO sip;

--
-- TOC entry 296 (class 1259 OID 21232)
-- Name: django_migrations_id_seq; Type: SEQUENCE; Schema: public; Owner: sip
--

CREATE SEQUENCE public.django_migrations_id_seq
    AS integer
    START WITH 1
    INCREMENT BY 1
    NO MINVALUE
    NO MAXVALUE
    CACHE 1;


ALTER TABLE public.django_migrations_id_seq OWNER TO sip;

--
-- TOC entry 4697 (class 0 OID 0)
-- Dependencies: 296
-- Name: django_migrations_id_seq; Type: SEQUENCE OWNED BY; Schema: public; Owner: sip
--

ALTER SEQUENCE public.django_migrations_id_seq OWNED BY public.django_migrations.id;


--
-- TOC entry 297 (class 1259 OID 21234)
-- Name: django_session; Type: TABLE; Schema: public; Owner: sip
--

CREATE TABLE public.django_session (
    session_key character varying(40) NOT NULL,
    session_data text NOT NULL,
    expire_date timestamp with time zone NOT NULL
);


ALTER TABLE public.django_session OWNER TO sip;

--
-- TOC entry 298 (class 1259 OID 21240)
-- Name: django_site; Type: TABLE; Schema: public; Owner: sip
--

CREATE TABLE public.django_site (
    id integer NOT NULL,
    domain character varying(100) NOT NULL,
    name character varying(50) NOT NULL
);


ALTER TABLE public.django_site OWNER TO sip;

--
-- TOC entry 299 (class 1259 OID 21243)
-- Name: django_site_id_seq; Type: SEQUENCE; Schema: public; Owner: sip
--

CREATE SEQUENCE public.django_site_id_seq
    AS integer
    START WITH 1
    INCREMENT BY 1
    NO MINVALUE
    NO MAXVALUE
    CACHE 1;


ALTER TABLE public.django_site_id_seq OWNER TO sip;

--
-- TOC entry 4698 (class 0 OID 0)
-- Dependencies: 299
-- Name: django_site_id_seq; Type: SEQUENCE OWNED BY; Schema: public; Owner: sip
--

ALTER SEQUENCE public.django_site_id_seq OWNED BY public.django_site.id;


--
-- TOC entry 300 (class 1259 OID 21245)
-- Name: publisher_acl; Type: TABLE; Schema: public; Owner: sip
--

CREATE TABLE public.publisher_acl (
    id integer NOT NULL,
    restrict_projects_to character varying(20)[] NOT NULL,
    user_id integer NOT NULL
);


ALTER TABLE public.publisher_acl OWNER TO sip;

--
-- TOC entry 301 (class 1259 OID 21251)
-- Name: publisher_acl_id_seq; Type: SEQUENCE; Schema: public; Owner: sip
--

CREATE SEQUENCE public.publisher_acl_id_seq
    AS integer
    START WITH 1
    INCREMENT BY 1
    NO MINVALUE
    NO MAXVALUE
    CACHE 1;


ALTER TABLE public.publisher_acl_id_seq OWNER TO sip;

--
-- TOC entry 4699 (class 0 OID 0)
-- Dependencies: 301
-- Name: publisher_acl_id_seq; Type: SEQUENCE OWNED BY; Schema: public; Owner: sip
--

ALTER SEQUENCE public.publisher_acl_id_seq OWNED BY public.publisher_acl.id;


--
-- TOC entry 302 (class 1259 OID 21253)
-- Name: publisher_result; Type: TABLE; Schema: public; Owner: sip
--

CREATE TABLE public.publisher_result (
    id integer NOT NULL,
    filepath character varying(200) NOT NULL,
    modifiedat timestamp with time zone NOT NULL,
    layer_type character varying(7) NOT NULL,
    bounding_polygon public.geometry(Polygon,4326) NOT NULL,
    rel_url character varying(400) NOT NULL,
    options jsonb,
    description text NOT NULL,
    released boolean NOT NULL,
    start_date date,
    end_date date,
    name character varying(200) NOT NULL,
    to_be_deleted boolean NOT NULL,
    request_id integer,
    styles_url character varying(400),
    labels jsonb,
    colormap jsonb
);


ALTER TABLE public.publisher_result OWNER TO sip;

--
-- TOC entry 303 (class 1259 OID 21259)
-- Name: publisher_result_id_seq; Type: SEQUENCE; Schema: public; Owner: sip
--

CREATE SEQUENCE public.publisher_result_id_seq
    AS integer
    START WITH 1
    INCREMENT BY 1
    NO MINVALUE
    NO MAXVALUE
    CACHE 1;


ALTER TABLE public.publisher_result_id_seq OWNER TO sip;

--
-- TOC entry 4700 (class 0 OID 0)
-- Dependencies: 303
-- Name: publisher_result_id_seq; Type: SEQUENCE OWNED BY; Schema: public; Owner: sip
--

ALTER SEQUENCE public.publisher_result_id_seq OWNED BY public.publisher_result.id;


--
-- TOC entry 304 (class 1259 OID 21261)
-- Name: user_user; Type: TABLE; Schema: public; Owner: sip
--

CREATE TABLE public.user_user (
    id integer NOT NULL,
    password character varying(128) NOT NULL,
    last_login timestamp with time zone,
    is_superuser boolean NOT NULL,
    username character varying(150) NOT NULL,
    first_name character varying(150) NOT NULL,
    last_name character varying(150) NOT NULL,
    email character varying(254) NOT NULL,
    is_staff boolean NOT NULL,
    is_active boolean NOT NULL,
    date_joined timestamp with time zone NOT NULL,
    area_limit_ha integer,
    planet_api_key character varying(64)
);


ALTER TABLE public.user_user OWNER TO sip;

--
-- TOC entry 305 (class 1259 OID 21267)
-- Name: user_user_groups; Type: TABLE; Schema: public; Owner: sip
--

CREATE TABLE public.user_user_groups (
    id integer NOT NULL,
    user_id integer NOT NULL,
    group_id integer NOT NULL
);


ALTER TABLE public.user_user_groups OWNER TO sip;

--
-- TOC entry 306 (class 1259 OID 21270)
-- Name: user_user_groups_id_seq; Type: SEQUENCE; Schema: public; Owner: sip
--

CREATE SEQUENCE public.user_user_groups_id_seq
    AS integer
    START WITH 1
    INCREMENT BY 1
    NO MINVALUE
    NO MAXVALUE
    CACHE 1;


ALTER TABLE public.user_user_groups_id_seq OWNER TO sip;

--
-- TOC entry 4701 (class 0 OID 0)
-- Dependencies: 306
-- Name: user_user_groups_id_seq; Type: SEQUENCE OWNED BY; Schema: public; Owner: sip
--

ALTER SEQUENCE public.user_user_groups_id_seq OWNED BY public.user_user_groups.id;


--
-- TOC entry 307 (class 1259 OID 21272)
-- Name: user_user_id_seq; Type: SEQUENCE; Schema: public; Owner: sip
--

CREATE SEQUENCE public.user_user_id_seq
    AS integer
    START WITH 1
    INCREMENT BY 1
    NO MINVALUE
    NO MAXVALUE
    CACHE 1;


ALTER TABLE public.user_user_id_seq OWNER TO sip;

--
-- TOC entry 4702 (class 0 OID 0)
-- Dependencies: 307
-- Name: user_user_id_seq; Type: SEQUENCE OWNED BY; Schema: public; Owner: sip
--

ALTER SEQUENCE public.user_user_id_seq OWNED BY public.user_user.id;


--
-- TOC entry 308 (class 1259 OID 21274)
-- Name: user_user_user_permissions; Type: TABLE; Schema: public; Owner: sip
--

CREATE TABLE public.user_user_user_permissions (
    id integer NOT NULL,
    user_id integer NOT NULL,
    permission_id integer NOT NULL
);


ALTER TABLE public.user_user_user_permissions OWNER TO sip;

--
-- TOC entry 309 (class 1259 OID 21277)
-- Name: user_user_user_permissions_id_seq; Type: SEQUENCE; Schema: public; Owner: sip
--

CREATE SEQUENCE public.user_user_user_permissions_id_seq
    AS integer
    START WITH 1
    INCREMENT BY 1
    NO MINVALUE
    NO MAXVALUE
    CACHE 1;


ALTER TABLE public.user_user_user_permissions_id_seq OWNER TO sip;

--
-- TOC entry 4703 (class 0 OID 0)
-- Dependencies: 309
-- Name: user_user_user_permissions_id_seq; Type: SEQUENCE OWNED BY; Schema: public; Owner: sip
--

ALTER SEQUENCE public.user_user_user_permissions_id_seq OWNED BY public.user_user_user_permissions.id;


--
-- TOC entry 4229 (class 2604 OID 21279)
-- Name: aoi_aoi id; Type: DEFAULT; Schema: public; Owner: sip
--

ALTER TABLE ONLY public.aoi_aoi ALTER COLUMN id SET DEFAULT nextval('public.aoi_aoi_id_seq'::regclass);


--
-- TOC entry 4230 (class 2604 OID 21280)
-- Name: aoi_component id; Type: DEFAULT; Schema: public; Owner: sip
--

ALTER TABLE ONLY public.aoi_component ALTER COLUMN id SET DEFAULT nextval('public.aoi_component_id_seq'::regclass);


--
-- TOC entry 4231 (class 2604 OID 21281)
-- Name: aoi_component_inputs id; Type: DEFAULT; Schema: public; Owner: sip
--

ALTER TABLE ONLY public.aoi_component_inputs ALTER COLUMN id SET DEFAULT nextval('public.aoi_component_inputs_id_seq'::regclass);


--
-- TOC entry 4232 (class 2604 OID 21282)
-- Name: aoi_component_outputs id; Type: DEFAULT; Schema: public; Owner: sip
--

ALTER TABLE ONLY public.aoi_component_outputs ALTER COLUMN id SET DEFAULT nextval('public.aoi_component_outputs_id_seq'::regclass);


--
-- TOC entry 4233 (class 2604 OID 21283)
-- Name: aoi_input id; Type: DEFAULT; Schema: public; Owner: sip
--

ALTER TABLE ONLY public.aoi_input ALTER COLUMN id SET DEFAULT nextval('public.aoi_input_id_seq'::regclass);


--
-- TOC entry 4234 (class 2604 OID 21284)
-- Name: aoi_jupyternotebook id; Type: DEFAULT; Schema: public; Owner: sip
--

ALTER TABLE ONLY public.aoi_jupyternotebook ALTER COLUMN id SET DEFAULT nextval('public.aoi_jupyternotebook_id_seq'::regclass);


--
-- TOC entry 4235 (class 2604 OID 21285)
-- Name: aoi_output id; Type: DEFAULT; Schema: public; Owner: sip
--

ALTER TABLE ONLY public.aoi_output ALTER COLUMN id SET DEFAULT nextval('public.aoi_output_id_seq'::regclass);


--
-- TOC entry 4236 (class 2604 OID 21286)
-- Name: aoi_request id; Type: DEFAULT; Schema: public; Owner: sip
--

ALTER TABLE ONLY public.aoi_request ALTER COLUMN id SET DEFAULT nextval('public.aoi_request_id_seq'::regclass);


--
-- TOC entry 4237 (class 2604 OID 21287)
-- Name: auth_group id; Type: DEFAULT; Schema: public; Owner: sip
--

ALTER TABLE ONLY public.auth_group ALTER COLUMN id SET DEFAULT nextval('public.auth_group_id_seq'::regclass);


--
-- TOC entry 4238 (class 2604 OID 21288)
-- Name: auth_group_permissions id; Type: DEFAULT; Schema: public; Owner: sip
--

ALTER TABLE ONLY public.auth_group_permissions ALTER COLUMN id SET DEFAULT nextval('public.auth_group_permissions_id_seq'::regclass);


--
-- TOC entry 4239 (class 2604 OID 21289)
-- Name: auth_permission id; Type: DEFAULT; Schema: public; Owner: sip
--

ALTER TABLE ONLY public.auth_permission ALTER COLUMN id SET DEFAULT nextval('public.auth_permission_id_seq'::regclass);


--
-- TOC entry 4240 (class 2604 OID 21290)
-- Name: django_admin_log id; Type: DEFAULT; Schema: public; Owner: sip
--

ALTER TABLE ONLY public.django_admin_log ALTER COLUMN id SET DEFAULT nextval('public.django_admin_log_id_seq'::regclass);


--
-- TOC entry 4242 (class 2604 OID 21291)
-- Name: django_content_type id; Type: DEFAULT; Schema: public; Owner: sip
--

ALTER TABLE ONLY public.django_content_type ALTER COLUMN id SET DEFAULT nextval('public.django_content_type_id_seq'::regclass);


--
-- TOC entry 4243 (class 2604 OID 21292)
-- Name: django_migrations id; Type: DEFAULT; Schema: public; Owner: sip
--

ALTER TABLE ONLY public.django_migrations ALTER COLUMN id SET DEFAULT nextval('public.django_migrations_id_seq'::regclass);


--
-- TOC entry 4244 (class 2604 OID 21293)
-- Name: django_site id; Type: DEFAULT; Schema: public; Owner: sip
--

ALTER TABLE ONLY public.django_site ALTER COLUMN id SET DEFAULT nextval('public.django_site_id_seq'::regclass);


--
-- TOC entry 4245 (class 2604 OID 21294)
-- Name: publisher_acl id; Type: DEFAULT; Schema: public; Owner: sip
--

ALTER TABLE ONLY public.publisher_acl ALTER COLUMN id SET DEFAULT nextval('public.publisher_acl_id_seq'::regclass);


--
-- TOC entry 4246 (class 2604 OID 21295)
-- Name: publisher_result id; Type: DEFAULT; Schema: public; Owner: sip
--

ALTER TABLE ONLY public.publisher_result ALTER COLUMN id SET DEFAULT nextval('public.publisher_result_id_seq'::regclass);


--
-- TOC entry 4247 (class 2604 OID 21296)
-- Name: user_user id; Type: DEFAULT; Schema: public; Owner: sip
--

ALTER TABLE ONLY public.user_user ALTER COLUMN id SET DEFAULT nextval('public.user_user_id_seq'::regclass);


--
-- TOC entry 4248 (class 2604 OID 21297)
-- Name: user_user_groups id; Type: DEFAULT; Schema: public; Owner: sip
--

ALTER TABLE ONLY public.user_user_groups ALTER COLUMN id SET DEFAULT nextval('public.user_user_groups_id_seq'::regclass);


--
-- TOC entry 4249 (class 2604 OID 21298)
-- Name: user_user_user_permissions id; Type: DEFAULT; Schema: public; Owner: sip
--

ALTER TABLE ONLY public.user_user_user_permissions ALTER COLUMN id SET DEFAULT nextval('public.user_user_user_permissions_id_seq'::regclass);


--
-- TOC entry 4632 (class 0 OID 21142)
-- Dependencies: 268
-- Data for Name: aoi_aoi; Type: TABLE DATA; Schema: public; Owner: sip
--

COPY public.aoi_aoi (id, name, polygon, createdat, user_id, type) FROM stdin;
1	test AOI 1	0103000020E6100000010000000A000000000000E03C2B42401C4205E84A07494000000060FC274240FEDC03992807494000000060A227424051CE9070C805494000000090262842406B5C887E8104494000000080612A4240651E4883E203494000000000482D42408D0670CEFB034940FFFFFFCF582E424042DC7A7458054940000000E0DF2D4240390E400EBE06494000000040F92C424007504EEF53074940000000E03C2B42401C4205E84A074940	2021-01-19 08:05:10.911355+00	2	1
3	test AOI 2	0103000020E6100000010000000A00000000000040722C4240A4A80862E5D2484000000000B11E42404CC57E1EE0D0484000000080621A4240EE886E5812C9484000000080D81C424098F7EAE966C04840000000C0802542407536B0B049C04840000000C03C2D4240956698BA99C148400000000004354240888FB33823C54840000000C0BA3642404DCD657B78C94840000000C009334240A54D643098CF484000000040722C4240A4A80862E5D24840	2021-01-19 08:40:55.530592+00	2	1
4	test AOI 3	0103000020E610000001000000080000000000004094A14140748B3DEAC80C494000000040139B41400249E498AB0A4940000000005797414055CEB8E041074940000000C0569B4140A6EEF00964034940FFFFFFBF5EA24140AF70CA44EA04494000000000B3A441407C156B50950849400000000059A441403D384AA8100B49400000004094A14140748B3DEAC80C4940	2021-01-19 08:41:35.322398+00	2	1
5	test AOI 4	0103000020E6100000010000000A00000004EBF4DBC28A424011B97BC173A34840BFF2F4DB1A7E4240C255C4FD26A848401EF8F4DB237542408207202FE9A34840B7F7F4DBD775424065F2D48CF09648405BF4F4DB4A7B4240A025DBBCD8904840BAEEF4DB22854240081C042AED8F48409DE0F4DB839C424037A2982EF6904840DADCF4DBAAA24240FB9BB8083A9248400DDDF4DB50A24240038DB49FBF9E484004EBF4DBC28A424011B97BC173A34840	2021-02-03 13:52:02.484241+00	2	1
\.


--
-- TOC entry 4634 (class 0 OID 21150)
-- Dependencies: 270
-- Data for Name: aoi_component; Type: TABLE DATA; Schema: public; Owner: sip
--

COPY public.aoi_component (id, name, image, command, "require_GPU", run_validation, success) FROM stdin;
1	TCI&NDVI	registry.quantumobile.co/sip_tci_ndvi:0.0.3-dev		f	f	f
\.


--
-- TOC entry 4636 (class 0 OID 21158)
-- Dependencies: 272
-- Data for Name: aoi_component_inputs; Type: TABLE DATA; Schema: public; Owner: sip
--

COPY public.aoi_component_inputs (id, component_id, input_id) FROM stdin;
1	1	1
2	1	2
3	1	3
4	1	4
5	1	5
\.


--
-- TOC entry 4638 (class 0 OID 21163)
-- Dependencies: 274
-- Data for Name: aoi_component_outputs; Type: TABLE DATA; Schema: public; Owner: sip
--

COPY public.aoi_component_outputs (id, component_id, output_id) FROM stdin;
1	1	1
2	1	2
3	1	3
\.


--
-- TOC entry 4640 (class 0 OID 21168)
-- Dependencies: 276
-- Data for Name: aoi_input; Type: TABLE DATA; Schema: public; Owner: sip
--

COPY public.aoi_input (id, name, type, assigned_from, is_file) FROM stdin;
1	AOI	STR	request	f
2	START_DATE	DATE	request	f
3	END_DATE	DATE	request	f
4	SENTINEL2_GOOGLE_API_KEY	STR	settings	t
5	SATELLITE_CACHE	STR	settings	t
\.


--
-- TOC entry 4642 (class 0 OID 21173)
-- Dependencies: 278
-- Data for Name: aoi_jupyternotebook; Type: TABLE DATA; Schema: public; Owner: sip
--

COPY public.aoi_jupyternotebook (id, name, image, path, kernel_name, options, run_validation, success, additional_parameter, run_on_gpu, period_required) FROM stdin;
1	example_geojson	sip_jupyter:latest	work/notebooks/example/geojson.ipynb	python37	\N	t	t	\N	t	t
7	TCI_NDVI	sip_jupyter:latest	work/notebooks/example/tci_ndvi/TCI_NDVI.ipynb	python37	\N	t	t	\N	t	t
5	Test1_Execution	sip_jupyter:latest	work/notebooks/test/Test1_Execution.ipynb	python37	\N	t	t	\N	t	t
3	test_geojson	sip_jupyter:latest	work/notebooks/test/test_geojson.ipynb	python37	\N	t	t	\N	t	t
2	example_geotiff	sip_jupyter:latest	work/notebooks/example/geotiff.ipynb	python37	\N	t	t	\N	t	f
6	Test2_Execution	sip_jupyter:latest	work/notebooks/test/Test2_Execution.ipynb	python37	\N	t	t	\N	t	f
4	test_geotiff	ndvi_jupyter:latest	work/notebooks/test/test_geotiff.ipynb	python3	\N	t	f	\N	t	f
\.


--
-- TOC entry 4644 (class 0 OID 21181)
-- Dependencies: 280
-- Data for Name: aoi_output; Type: TABLE DATA; Schema: public; Owner: sip
--

COPY public.aoi_output (id, name, is_error, value) FROM stdin;
1	TCI	f	TCI.tif
2	NDVI	f	NDVI.tif
3	NODATA	t	NODATA
\.


--
-- TOC entry 4646 (class 0 OID 21186)
-- Dependencies: 282
-- Data for Name: aoi_request; Type: TABLE DATA; Schema: public; Owner: sip
--

COPY public.aoi_request (id, date_from, date_to, started_at, finished_at, error, aoi_id, notebook_id, user_id, success, polygon, calculated, additional_parameter) FROM stdin;
1	2021-01-01	2021-01-19	2021-01-19 08:10:00+00	2021-01-19 08:20:00+00	\N	1	3	2	f	0103000020E6100000010000000A000000000000E03C2B42401C4205E84A07494000000060FC274240FEDC03992807494000000060A227424051CE9070C805494000000090262842406B5C887E8104494000000080612A4240651E4883E203494000000000482D42408D0670CEFB034940FFFFFFCF582E424042DC7A7458054940000000E0DF2D4240390E400EBE06494000000040F92C424007504EEF53074940000000E03C2B42401C4205E84A074940	f	\N
3	2020-12-01	2020-12-26	2021-01-19 08:45:01+00	2021-01-19 08:45:02+00	Cannot calculate results to this AOI	4	4	2	f	0103000020E610000001000000080000000000004094A14140748B3DEAC80C494000000040139B41400249E498AB0A4940000000005797414055CEB8E041074940000000C0569B4140A6EEF00964034940FFFFFFBF5EA24140AF70CA44EA04494000000000B3A441407C156B50950849400000000059A441403D384AA8100B49400000004094A14140748B3DEAC80C4940	f	\N
6	2021-02-01	2021-02-03	2021-02-01 13:00:00+00	2021-02-01 18:00:00+00	\N	5	3	2	f	0103000020E6100000010000000A00000004EBF4DBC28A424011B97BC173A34840BFF2F4DB1A7E4240C255C4FD26A848401EF8F4DB237542408207202FE9A34840B7F7F4DBD775424065F2D48CF09648405BF4F4DB4A7B4240A025DBBCD8904840BAEEF4DB22854240081C042AED8F48409DE0F4DB839C424037A2982EF6904840DADCF4DBAAA24240FB9BB8083A9248400DDDF4DB50A24240038DB49FBF9E484004EBF4DBC28A424011B97BC173A34840	f	\N
4	2020-12-01	2021-01-26	2022-06-22 16:10:13.358329+00	2022-06-22 16:10:51.893268+00	\N	3	5	2	t	0103000020E6100000010000000A00000000000040722C4240A4A80862E5D2484000000000B11E42404CC57E1EE0D0484000000080621A4240EE886E5812C9484000000080D81C424098F7EAE966C04840000000C0802542407536B0B049C04840000000C03C2D4240956698BA99C148400000000004354240888FB33823C54840000000C0BA3642404DCD657B78C94840000000C009334240A54D643098CF484000000040722C4240A4A80862E5D24840	t	\N
8	\N	\N	2022-06-22 16:10:43.541404+00	2022-06-22 16:11:12.665409+00	\N	1	2	2	t	0103000020E6100000010000000A000000000000E03C2B42401C4205E84A07494000000060FC274240FEDC03992807494000000060A227424051CE9070C805494000000090262842406B5C887E8104494000000080612A4240651E4883E203494000000000482D42408D0670CEFB034940FFFFFFCF582E424042DC7A7458054940000000E0DF2D4240390E400EBE06494000000040F92C424007504EEF53074940000000E03C2B42401C4205E84A074940	t	\N
5	\N	\N	2022-06-22 16:10:41.742174+00	2022-06-22 16:11:12.665409+00	\N	4	6	2	t	0103000020E610000001000000080000000000004094A14140748B3DEAC80C494000000040139B41400249E498AB0A4940000000005797414055CEB8E041074940000000C0569B4140A6EEF00964034940FFFFFFBF5EA24140AF70CA44EA04494000000000B3A441407C156B50950849400000000059A441403D384AA8100B49400000004094A14140748B3DEAC80C4940	t	\N
2	\N	\N	2021-01-19 08:41:00+00	\N	\N	3	4	2	f	0103000020E6100000010000000A000000FDFFFF3F722C4240A5A80862E5D24840FDFFFFFFB01E42404EC57E1EE0D0484002000080621A4240E9886E5812C94840FBFFFF7FD81C424098F7EAE966C04840FCFFFFBF802542407536B0B049C04840020000C03C2D4240976698BA99C148400400000004354240888FB33823C54840030000C0BA36424048CD657B78C94840000000C009334240A54D643098CF4840FDFFFF3F722C4240A5A80862E5D24840	f	\N
\.


--
-- TOC entry 4648 (class 0 OID 21194)
-- Dependencies: 284
-- Data for Name: auth_group; Type: TABLE DATA; Schema: public; Owner: sip
--

COPY public.auth_group (id, name) FROM stdin;
1	Data_science_engineer
2	Client
\.


--
-- TOC entry 4650 (class 0 OID 21199)
-- Dependencies: 286
-- Data for Name: auth_group_permissions; Type: TABLE DATA; Schema: public; Owner: sip
--

COPY public.auth_group_permissions (id, group_id, permission_id) FROM stdin;
1	1	33
2	1	34
3	1	35
4	1	36
5	1	38
6	1	40
7	1	41
8	2	33
9	2	34
10	2	35
11	2	36
12	2	40
13	1	39
14	1	45
15	1	44
16	1	42
17	1	43
18	2	45
19	2	54
20	2	57
21	1	54
22	1	57
25	2	39
\.


--
-- TOC entry 4652 (class 0 OID 21204)
-- Dependencies: 288
-- Data for Name: auth_permission; Type: TABLE DATA; Schema: public; Owner: sip
--

COPY public.auth_permission (id, name, content_type_id, codename) FROM stdin;
1	Can add log entry	1	add_logentry
2	Can change log entry	1	change_logentry
3	Can delete log entry	1	delete_logentry
4	Can view log entry	1	view_logentry
5	Can add permission	2	add_permission
6	Can change permission	2	change_permission
7	Can delete permission	2	delete_permission
8	Can view permission	2	view_permission
9	Can add group	3	add_group
10	Can change group	3	change_group
11	Can delete group	3	delete_group
12	Can view group	3	view_group
13	Can add content type	4	add_contenttype
14	Can change content type	4	change_contenttype
15	Can delete content type	4	delete_contenttype
16	Can view content type	4	view_contenttype
17	Can add session	5	add_session
18	Can change session	5	change_session
19	Can delete session	5	delete_session
20	Can view session	5	view_session
21	Can add site	6	add_site
22	Can change site	6	change_site
23	Can delete site	6	delete_site
24	Can view site	6	view_site
25	Can add user	7	add_user
26	Can change user	7	change_user
27	Can delete user	7	delete_user
28	Can view user	7	view_user
29	Can add Token	8	add_token
30	Can change Token	8	change_token
31	Can delete Token	8	delete_token
32	Can view Token	8	view_token
33	Can add Area of interest	9	add_aoi
34	Can change Area of interest	9	change_aoi
35	Can delete Area of interest	9	delete_aoi
36	Can view Area of interest	9	view_aoi
37	Can add result	10	add_result
38	Can change result	10	change_result
39	Can delete result	10	delete_result
40	Can view result	10	view_result
41	Can view unreleased result	10	view_unreleased_result
42	Can add JupyterNotebook	11	add_jupyternotebook
43	Can change JupyterNotebook	11	change_jupyternotebook
44	Can delete JupyterNotebook	11	delete_jupyternotebook
45	Can view JupyterNotebook	11	view_jupyternotebook
46	Can add token	12	add_tokenproxy
47	Can change token	12	change_tokenproxy
48	Can delete token	12	delete_tokenproxy
49	Can view token	12	view_tokenproxy
50	Can add Access Control List	13	add_acl
51	Can change Access Control List	13	change_acl
52	Can delete Access Control List	13	delete_acl
53	Can view Access Control List	13	view_acl
54	Can add Request	14	add_request
55	Can change Request	14	change_request
56	Can delete Request	14	delete_request
57	Can view Request	14	view_request
58	Can add Request for another user	14	add_another_user_request
59	Can add Aoi for another user	9	add_another_user_aoi
64	Can add input	16	add_input
65	Can change input	16	change_input
66	Can delete input	16	delete_input
67	Can view input	16	view_input
68	Can add output	17	add_output
69	Can change output	17	change_output
70	Can delete output	17	delete_output
71	Can view output	17	view_output
72	Can add component	18	add_component
73	Can change component	18	change_component
74	Can delete component	18	delete_component
75	Can view component	18	view_component
\.


--
-- TOC entry 4654 (class 0 OID 21209)
-- Dependencies: 290
-- Data for Name: authtoken_token; Type: TABLE DATA; Schema: public; Owner: sip
--

COPY public.authtoken_token (key, created, user_id) FROM stdin;
7306f5c8456efc18f9a15c5c3bf8ba2659efb813	2020-10-25 12:59:59.817251+00	1
507928511085e6684cfa105c74339d46fc097ad0	2020-10-25 13:48:27.11431+00	2
\.


--
-- TOC entry 4655 (class 0 OID 21212)
-- Dependencies: 291
-- Data for Name: django_admin_log; Type: TABLE DATA; Schema: public; Owner: sip
--

COPY public.django_admin_log (id, action_time, object_id, object_repr, action_flag, change_message, content_type_id, user_id) FROM stdin;
1	2020-10-25 13:47:22.900961+00	2	test	1	[{"added": {}}]	7	1
2	2021-02-03 13:50:28.734475+00	2	clearcut/ClearCut-2020-12-02.geojson	3		10	1
3	2021-02-03 13:50:28.736134+00	3	example/0fc45b4d-8bd1-47eb-af81-6a88ff378630_Green_2020-07-20.geojson	3		10	1
4	2021-02-03 13:50:28.737181+00	4	example/b53895d8-bcc9-4536-b732-c69676fc15c6_PSRI_2020-06-12.geojson	3		10	1
5	2021-02-03 13:50:28.738685+00	1	ex_3/red_corn.geojson	3		10	1
6	2021-02-03 13:50:28.740264+00	5	ex_2/Portugal_features.geojson	3		10	1
7	2021-02-03 13:52:02.547137+00	5	test AOI 4	1	[{"added": {}}]	9	1
8	2021-02-03 13:55:31.793734+00	6	Request object (6)	1	[{"added": {}}]	14	1
9	2022-06-22 16:14:08.407942+00	2	example_geotiff	2	[{"changed": {"fields": ["Start and end dates are requaired"]}}]	11	1
10	2022-06-22 16:14:20.824271+00	6	Test2_Execution	2	[{"changed": {"fields": ["Start and end dates are requaired"]}}]	11	1
11	2022-06-22 16:14:32.922426+00	4	test_geotiff	2	[{"changed": {"fields": ["Start and end dates are requaired"]}}]	11	1
12	2022-06-22 16:14:40.490829+00	2	Request object (2)	2	[]	14	1
13	2022-11-12 18:11:26.671524+00	1	AOI | STR | From: "request"	1	[{"added": {}}]	16	1
14	2022-11-12 18:11:46.868552+00	2	START_DATE | DATE | From: "request"	1	[{"added": {}}]	16	1
15	2022-11-12 18:11:59.497038+00	3	END_DATE | DATE | From: "request"	1	[{"added": {}}]	16	1
16	2022-11-12 18:13:14.477391+00	4	SENTINEL2_GOOGLE_API_KEY | STR | From: "settings"	1	[{"added": {}}]	16	1
17	2022-11-12 18:13:34.899998+00	5	SATELLITE_CACHE | STR | From: "settings"	1	[{"added": {}}]	16	1
18	2022-11-12 18:14:06.320766+00	1	Output object (1)	1	[{"added": {}}]	17	1
19	2022-11-12 18:14:12.954294+00	2	Output object (2)	1	[{"added": {}}]	17	1
20	2022-11-12 18:14:27.00702+00	3	Output object (3)	1	[{"added": {}}]	17	1
21	2022-11-12 18:15:21.895221+00	1	TCI&NDVI	1	[{"added": {}}]	18	1
22	2022-11-14 18:35:50.341298+00	2	NDVI.tif	2	[{"changed": {"fields": ["Name"]}}]	17	1
23	2022-11-14 18:35:57.560107+00	1	TCI.tif	2	[{"changed": {"fields": ["Name"]}}]	17	1
\.


--
-- TOC entry 4657 (class 0 OID 21221)
-- Dependencies: 293
-- Data for Name: django_content_type; Type: TABLE DATA; Schema: public; Owner: sip
--

COPY public.django_content_type (id, app_label, model) FROM stdin;
1	admin	logentry
2	auth	permission
3	auth	group
4	contenttypes	contenttype
5	sessions	session
6	sites	site
7	user	user
8	authtoken	token
9	aoi	aoi
10	publisher	result
11	aoi	jupyternotebook
12	authtoken	tokenproxy
13	publisher	acl
14	aoi	request
16	aoi	input
17	aoi	output
18	aoi	component
\.


--
-- TOC entry 4659 (class 0 OID 21226)
-- Dependencies: 295
-- Data for Name: django_migrations; Type: TABLE DATA; Schema: public; Owner: sip
--

COPY public.django_migrations (id, app, name, applied) FROM stdin;
1	contenttypes	0001_initial	2020-10-25 11:24:45.834099+00
2	contenttypes	0002_remove_content_type_name	2020-10-25 11:24:45.846711+00
3	auth	0001_initial	2020-10-25 11:24:45.877379+00
4	auth	0002_alter_permission_name_max_length	2020-10-25 11:24:45.92769+00
5	auth	0003_alter_user_email_max_length	2020-10-25 11:24:45.937901+00
6	auth	0004_alter_user_username_opts	2020-10-25 11:24:45.948037+00
7	auth	0005_alter_user_last_login_null	2020-10-25 11:24:45.957017+00
8	auth	0006_require_contenttypes_0002	2020-10-25 11:24:45.961678+00
9	auth	0007_alter_validators_add_error_messages	2020-10-25 11:24:45.971494+00
10	auth	0008_alter_user_username_max_length	2020-10-25 11:24:45.981443+00
11	auth	0009_alter_user_last_name_max_length	2020-10-25 11:24:45.990466+00
12	auth	0010_alter_group_name_max_length	2020-10-25 11:24:45.999969+00
13	auth	0011_update_proxy_permissions	2020-10-25 11:24:46.011097+00
14	user	0001_initial	2020-10-25 11:24:46.055029+00
15	admin	0001_initial	2020-10-25 11:24:46.135021+00
16	admin	0002_logentry_remove_auto_add	2020-10-25 11:24:46.160894+00
17	admin	0003_logentry_add_action_flag_choices	2020-10-25 11:24:46.175482+00
18	sessions	0001_initial	2020-10-25 11:24:46.18568+00
19	sites	0001_initial	2020-10-25 11:24:46.213627+00
20	sites	0002_alter_domain_unique	2020-10-25 11:24:46.223381+00
21	authtoken	0001_initial	2020-10-25 12:59:06.510501+00
22	authtoken	0002_auto_20160226_1747	2020-10-25 12:59:06.566405+00
23	aoi	0001_initial	2021-01-11 11:13:56.628677+00
24	aoi	0002_jupyternotebook	2021-01-11 11:13:56.644341+00
25	auth	0012_alter_user_first_name_max_length	2021-01-11 11:13:56.703441+00
26	authtoken	0003_tokenproxy	2021-01-11 11:13:56.708096+00
27	publisher	0001_initial	2021-01-11 11:13:56.719032+00
28	publisher	0002_auto_20201105_1843	2021-01-11 11:13:56.741081+00
29	publisher	0003_auto_20201106_1419	2021-01-11 11:13:56.754336+00
30	publisher	0004_result_to_be_deleted	2021-01-11 11:13:56.761231+00
31	publisher	0005_aoi	2021-01-11 11:13:56.771481+00
32	publisher	0006_auto_20201130_1455	2021-01-11 11:13:56.780756+00
33	publisher	0007_delete_aoi	2021-01-11 11:13:56.785527+00
34	publisher	0008_auto_20201207_1647	2021-01-11 11:13:56.794875+00
35	publisher	0009_acl	2021-01-11 11:13:56.814937+00
36	user	0002_auto_20201105_1840	2021-01-11 11:13:56.828451+00
37	user	0003_add_groups_for_ds_engineer	2021-01-11 11:13:56.900066+00
38	user	0004_add_client_group_update_ds_engineer_group	2021-01-11 11:13:56.966563+00
39	user	0005_add_notebook_perms_to_ds_engineer_group	2021-01-11 11:13:57.021647+00
40	user	0006_add_notebook_perms_to_client_group	2021-01-11 11:13:57.046828+00
41	aoi	0003_request	2021-01-19 07:23:46.38725+00
42	aoi	0003_aoi_user_id	2021-01-19 07:23:46.441976+00
43	aoi	0004_merge_20210115_1546	2021-01-19 07:23:46.44828+00
44	publisher	0010_auto_20210113_0950	2021-01-19 07:23:46.459426+00
45	publisher	0011_result_request_id	2021-01-19 07:23:46.465664+00
46	publisher	0012_auto_20210114_1628	2021-01-19 07:23:46.527083+00
47	user	0007_add_request_perms	2021-01-19 07:23:46.589883+00
48	user	0007_add_new_perm_to_aoi	2021-01-19 07:23:46.611536+00
49	user	0008_merge_20210115_1546	2021-01-19 07:23:46.61385+00
50	aoi	0005_rename_notebook_path	2021-01-26 14:16:05.832714+00
51	aoi	0006_rename_aoi_user_id	2021-01-26 14:16:05.859154+00
52	aoi	0007_rename_request_foreign_keys	2021-01-26 14:16:05.921795+00
53	aoi	0008_change_verbose_name	2021-01-26 14:16:06.014238+00
54	publisher	0013_rename_result_foreign_key	2021-01-26 14:16:06.028382+00
55	publisher	0014_rename_acl_key	2021-01-26 14:16:06.041035+00
56	publisher	0015_acl_change_ordering	2021-01-26 14:16:06.053774+00
57	publisher	0016_change_verbose_name	2021-01-26 14:16:06.071253+00
58	aoi	0009_add_success_flag	2021-01-27 15:23:24.470063+00
59	aoi	0010_jupyternotebook_options	2021-02-25 13:19:20.786041+00
60	aoi	0011_request_add_polygon	2021-02-25 13:19:20.882817+00
61	aoi	0012_request_calculated	2021-03-12 18:52:18.574555+00
62	aoi	0013_request_add_run_validation_success	2021-03-12 18:52:18.592958+00
63	publisher	0017_result_styles_url	2021-03-12 18:52:18.60385+00
64	aoi	0014_aoi_type	2022-06-22 16:09:51.96229+00
65	user	0009_add_aoi_type_perms	2022-06-22 16:09:52.117503+00
66	user	0010_remove_aoi_type_perms	2022-06-22 16:09:52.28206+00
67	aoi	0015_add_aoi_types	2022-06-22 16:09:52.32838+00
68	aoi	0016_aoi_type	2022-06-22 16:09:52.423855+00
69	aoi	0018_remove_AOI_type_table	2022-06-22 16:09:52.572867+00
70	aoi	0019_jupyternotebook_additional_parameter	2022-06-22 16:09:52.669761+00
71	aoi	0020_jupyternotebook_run_on_gpu	2022-06-22 16:09:52.710667+00
72	aoi	0021_jupyternotebook_period_requaired	2022-06-22 16:09:52.75532+00
73	publisher	0018_result_labels	2022-06-22 16:09:52.920559+00
74	publisher	0019_result_colormap	2022-06-22 16:09:53.11008+00
75	user	0011_add_can_delete_results_perms_to_client_group	2022-06-22 16:09:53.210093+00
76	user	0012_user_area_limit	2022-06-22 16:09:53.292515+00
77	user	0013_user_area_limit_ha_can_be_blank	2022-06-22 16:09:53.356537+00
78	user	0014_user_planet_api_key	2022-06-22 16:09:53.473287+00
79	aoi	0022_auto_20221112_1742	2022-11-12 18:03:16.727566+00
80	aoi	0023_output_value	2022-11-15 15:41:21.407634+00
\.


--
-- TOC entry 4661 (class 0 OID 21234)
-- Dependencies: 297
-- Data for Name: django_session; Type: TABLE DATA; Schema: public; Owner: sip
--

COPY public.django_session (session_key, session_data, expire_date) FROM stdin;
liaaz5iadshsfupcag98bb7g0zh5boc8	OTQwZmUyNGE5YTc3ZWE0MDA4ZDA1NWMzMmVjODcwMTNhMTkyNGM5ODp7Il9hdXRoX3VzZXJfaWQiOiIxIiwiX2F1dGhfdXNlcl9iYWNrZW5kIjoiZGphbmdvLmNvbnRyaWIuYXV0aC5iYWNrZW5kcy5Nb2RlbEJhY2tlbmQiLCJfYXV0aF91c2VyX2hhc2giOiJjZDg0NTRjYjRiODM0NjU4MzM0OTM1NDI4YWZlNTNhNzE4YzU1MDMwIn0=	2020-10-25 21:01:18.127338+00
p4g6f6qrct3pmb1dbmd1qgd4l755fzy5	OTQwZmUyNGE5YTc3ZWE0MDA4ZDA1NWMzMmVjODcwMTNhMTkyNGM5ODp7Il9hdXRoX3VzZXJfaWQiOiIxIiwiX2F1dGhfdXNlcl9iYWNrZW5kIjoiZGphbmdvLmNvbnRyaWIuYXV0aC5iYWNrZW5kcy5Nb2RlbEJhY2tlbmQiLCJfYXV0aF91c2VyX2hhc2giOiJjZDg0NTRjYjRiODM0NjU4MzM0OTM1NDI4YWZlNTNhNzE4YzU1MDMwIn0=	2020-10-25 21:01:25.553149+00
49gudpyonutj57lml4ssxcic0vcpa6x7	NWJkMWU0YTRiYjI5YmY4ZTY2MWJhMGYxOTZkNjEwOThkNjc2ZjBmZTp7Il9hdXRoX3VzZXJfaWQiOiIyIiwiX2F1dGhfdXNlcl9iYWNrZW5kIjoiZGphbmdvLmNvbnRyaWIuYXV0aC5iYWNrZW5kcy5Nb2RlbEJhY2tlbmQiLCJfYXV0aF91c2VyX2hhc2giOiJmZDUyNzllYjIwMzAzMDFkMDk2Yjc4ODQ4YTM3ZjBjNjhmMjM3ZjE1In0=	2020-10-25 21:48:27.125341+00
xxpxw53jxwsthdpazstu89lr4wjoczqq	NWJkMWU0YTRiYjI5YmY4ZTY2MWJhMGYxOTZkNjEwOThkNjc2ZjBmZTp7Il9hdXRoX3VzZXJfaWQiOiIyIiwiX2F1dGhfdXNlcl9iYWNrZW5kIjoiZGphbmdvLmNvbnRyaWIuYXV0aC5iYWNrZW5kcy5Nb2RlbEJhY2tlbmQiLCJfYXV0aF91c2VyX2hhc2giOiJmZDUyNzllYjIwMzAzMDFkMDk2Yjc4ODQ4YTM3ZjBjNjhmMjM3ZjE1In0=	2020-10-25 21:48:59.820422+00
f0n2qtfj93b6un4mbl6f1d4r76p1h436	.eJxVjMEOwiAQRP-FsyEILEWP3vsNZBcWqRpISnsy_rtt0oMeZ96beYuA61LC2nkOUxJXcRan344wPrnuID2w3puMrS7zRHJX5EG7HFvi1-1w_w4K9rKtnWdQEZ3yxOQVgL4oZTNHD84ZC-ish-QhZ50ZM5ktxJhA60GlgYz4fAHW9Dfd:1l7IXc:vIJvbWkUcACcV0VPSa9lClNkoLeVTd00EZglb0-NKJQ	2021-02-03 21:49:56.302818+00
53v3jubywtmx9bqid5nprmy2bsu13lag	.eJxVjMEOwiAQRP-FsyEILEWP3vsNZBcWqRpISnsy_rtt0oMeZ96beYuA61LC2nkOUxJXcRan344wPrnuID2w3puMrS7zRHJX5EG7HFvi1-1w_w4K9rKtnWdQEZ3yxOQVgL4oZTNHD84ZC-ish-QhZ50ZM5ktxJhA60GlgYz4fAHW9Dfd:1lKmth:3lDgfMZqbMMyQpb2d1__a_aMBSqME9XRl62vWV3CeaM	2021-03-13 02:52:29.935898+00
cd5y6duf0kppd75tl64jxd0hfbernaw1	.eJxVjMEOwiAQRP-FsyEILEWP3vsNZBcWqRpISnsy_rtt0oMeZ96beYuA61LC2nkOUxJXcRan344wPrnuID2w3puMrS7zRHJX5EG7HFvi1-1w_w4K9rKtnWdQEZ3yxOQVgL4oZTNHD84ZC-ish-QhZ50ZM5ktxJhA60GlgYz4fAHW9Dfd:1o42zH:5cZN24icjiERFw-OQdl8uIVtfmIeMV7QYPqv93laBlw	2022-06-23 00:13:51.989355+00
mm76jo426nmttjmfcvfjzkcck9qr4cz0	.eJxVjMEOwiAQRP-FsyEILEWP3vsNZBcWqRpISnsy_rtt0oMeZ96beYuA61LC2nkOUxJXcRan344wPrnuID2w3puMrS7zRHJX5EG7HFvi1-1w_w4K9rKtnWdQEZ3yxOQVgL4oZTNHD84ZC-ish-QhZ50ZM5ktxJhA60GlgYz4fAHW9Dfd:1otuxe:DSyULBpR-uaMROFZhugPEVENE8uN4Phy4qGGp_wbLxo	2022-11-13 02:10:34.054663+00
vwbp6lyxbwy3nip1nc5q5a14jtgs4dgr	.eJxVjMEOwiAQRP-FsyEILEWP3vsNZBcWqRpISnsy_rtt0oMeZ96beYuA61LC2nkOUxJXcRan344wPrnuID2w3puMrS7zRHJX5EG7HFvi1-1w_w4K9rKtnWdQEZ3yxOQVgL4oZTNHD84ZC-ish-QhZ50ZM5ktxJhA60GlgYz4fAHW9Dfd:1oueIm:dEsFhgf9kcf-OM-FAylCLJd6rVkBKi0EZgR2YyfhRIU	2022-11-15 02:35:24.750454+00
\.


--
-- TOC entry 4662 (class 0 OID 21240)
-- Dependencies: 298
-- Data for Name: django_site; Type: TABLE DATA; Schema: public; Owner: sip
--

COPY public.django_site (id, domain, name) FROM stdin;
1	example.com	example.com
\.


--
-- TOC entry 4664 (class 0 OID 21245)
-- Dependencies: 300
-- Data for Name: publisher_acl; Type: TABLE DATA; Schema: public; Owner: sip
--

COPY public.publisher_acl (id, restrict_projects_to, user_id) FROM stdin;
\.


--
-- TOC entry 4666 (class 0 OID 21253)
-- Dependencies: 302
-- Data for Name: publisher_result; Type: TABLE DATA; Schema: public; Owner: sip
--

COPY public.publisher_result (id, filepath, modifiedat, layer_type, bounding_polygon, rel_url, options, description, released, start_date, end_date, name, to_be_deleted, request_id, styles_url, labels, colormap) FROM stdin;
9	test/Test_AOI1.geojson	2022-10-14 14:35:18.119653+00	GEOJSON	0103000020E61000000100000005000000000000607D2E4240AD348B06CB034940000000607D2E4240B196D5366D07494000000040FF264240B196D5366D07494000000040FF264240AD348B06CB034940000000607D2E4240AD348B06CB034940	/results/test/Test_AOI1.geojson	\N		t	2021-01-01	2021-01-19		f	1	\N	""	""
10	test/Test_AOI4.geojson	2022-10-14 14:35:18.119653+00	GEOJSON	0103000020E6100000010000000500000000000000829842406CB90F85629448400000000082984240CCB65E076DA3484000000000467A4240CCB65E076DA3484000000000467A42406CB90F856294484000000000829842406CB90F8562944840	/results/test/Test_AOI4.geojson	\N		t	2021-02-03	2021-02-01		f	6	\N	""	""
11	example/03062c8a-1641-4405-b64d-89f7fbb2fc20_Red_2021-08-10.geojson	2022-10-27 13:27:04.63825+00	GEOJSON	0103000020E61000000100000005000000309E4143FF26424069C9E369F9034840309E4143FF26424013D55B035B034940EB573A1F9E11424013D55B035B034940EB573A1F9E11424069C9E369F9034840309E4143FF26424069C9E369F9034840	/results/example/03062c8a-1641-4405-b64d-89f7fbb2fc20_Red_2021-08-10.geojson	\N		f	\N	\N	Red	f	\N	\N	""	""
12	example/9c7c5d7b-875c-4ed0-b11b-eeb161800474_Red_2020-04-23.geojson	2022-11-01 10:32:04.160869+00	GEOJSON	0103000020E61000000100000005000000309E4143FF264240C7F0D8CF62814840309E4143FF26424013D55B035B034940EB573A1F9E11424013D55B035B034940EB573A1F9E114240C7F0D8CF62814840309E4143FF264240C7F0D8CF62814840	/results/example/9c7c5d7b-875c-4ed0-b11b-eeb161800474_Red_2020-04-23.geojson	\N		f	2020-10-09	2021-05-15		f	\N	\N	""	""
13	example/a3fa17fb-a41b-4d7d-8116-2d3c51a8ee14_NDVI_2022-10-08.geojson	2022-10-28 14:07:06.314288+00	GEOJSON	0103000020E61000000100000005000000309E4143FF26424069C9E369F9034840309E4143FF26424013D55B035B034940E4F4F57CCD18424013D55B035B034940E4F4F57CCD18424069C9E369F9034840309E4143FF26424069C9E369F9034840	/results/example/a3fa17fb-a41b-4d7d-8116-2d3c51a8ee14_NDVI_2022-10-08.geojson	\N		f	\N	\N		f	\N	\N	""	""
14	example/14484365-6c6d-45e0-86bd-ccb1087eb7aa_Green_2022-05-16.geojson	2022-10-28 09:48:06.119646+00	GEOJSON	0103000020E61000000100000005000000F9F36DC15235424069C9E369F9034840F9F36DC152354240D40AD3F71AF84840EB573A1F9E114240D40AD3F71AF84840EB573A1F9E11424069C9E369F9034840F9F36DC15235424069C9E369F9034840	/results/example/14484365-6c6d-45e0-86bd-ccb1087eb7aa_Green_2022-05-16.geojson	\N		f	2021-06-06	2021-07-15	Green	f	\N	\N	""	""
15	example/dcb0de76-1fb5-4d83-8c70-9caf1c2a5f6c_Blue_2021-07-22.geojson	2022-10-30 09:59:08.117115+00	GEOJSON	0103000020E61000000100000005000000BAF770C9711D42405DDF878384F64840BAF770C9711D4240F9BB77D4980049404E4700378B1B4240F9BB77D4980049404E4700378B1B42405DDF878384F64840BAF770C9711D42405DDF878384F64840	/results/example/dcb0de76-1fb5-4d83-8c70-9caf1c2a5f6c_Blue_2021-07-22.geojson	\N		f	\N	\N	Blue	f	\N	\N	""	""
16	example/82701dae-f490-4525-8bab-3e120521b2ac_Blue_2020-01-13.geojson	2022-10-27 13:54:19.339429+00	GEOJSON	0103000020E61000000100000005000000F9F36DC15235424069C9E369F9034840F9F36DC15235424013D55B035B03494001FA7DFFE615424013D55B035B03494001FA7DFFE615424069C9E369F9034840F9F36DC15235424069C9E369F9034840	/results/example/82701dae-f490-4525-8bab-3e120521b2ac_Blue_2020-01-13.geojson	\N		f	2021-09-08	2022-07-19		f	\N	\N	""	""
17	example/e5002d6a-d7fb-489a-8309-001ec25132a6_NDVI_2021-03-16.geojson	2022-10-27 13:40:44.381407+00	GEOJSON	0103000020E61000000100000005000000F9F36DC152354240967B8159A1C04840F9F36DC152354240C7F0D8CF6201494001FA7DFFE6154240C7F0D8CF6201494001FA7DFFE6154240967B8159A1C04840F9F36DC152354240967B8159A1C04840	/results/example/e5002d6a-d7fb-489a-8309-001ec25132a6_NDVI_2021-03-16.geojson	\N		f	\N	\N		f	\N	\N	""	""
18	example/98f58084-7b55-49ee-b75e-34bb2b313e9e_Red_2022-01-27.geojson	2022-11-01 12:50:30.326365+00	GEOJSON	0103000020E61000000100000004000000E8A1B60DA31C4240D40AD3F71AF84840E8A1B60DA31C4240D40AD3F71AF84840E8A1B60DA31C4240D40AD3F71AF84840E8A1B60DA31C4240D40AD3F71AF84840	/results/example/98f58084-7b55-49ee-b75e-34bb2b313e9e_Red_2022-01-27.geojson	\N		f	\N	\N		f	\N	\N	""	""
19	example/8466a700-62d2-4cfe-80a2-9777bfab8d8f_NDVI_2020-09-10.geojson	2022-10-28 10:11:06.925495+00	GEOJSON	0103000020E61000000100000005000000F9F36DC15235424069C9E369F9034840F9F36DC152354240F9BB77D498004940EB573A1F9E114240F9BB77D498004940EB573A1F9E11424069C9E369F9034840F9F36DC15235424069C9E369F9034840	/results/example/8466a700-62d2-4cfe-80a2-9777bfab8d8f_NDVI_2020-09-10.geojson	\N		f	2020-02-20	2022-05-22	NDVI	f	\N	\N	""	""
20	example/5542641b-6640-4623-b36b-d598559d9156_NDWI_2021-06-28.geojson	2022-11-01 10:32:42.983302+00	GEOJSON	0103000020E61000000100000005000000309E4143FF26424069C9E369F9034840309E4143FF26424088307E1AF7FE4840EB573A1F9E11424088307E1AF7FE4840EB573A1F9E11424069C9E369F9034840309E4143FF26424069C9E369F9034840	/results/example/5542641b-6640-4623-b36b-d598559d9156_NDWI_2021-06-28.geojson	\N		f	2022-07-11	2022-09-25	NDWI	f	\N	\N	""	""
21	example/56f604f0-edcd-4221-bb96-690cc345dd5b_NDVI_2021-03-30.geojson	2022-11-01 10:32:22.828119+00	GEOJSON	0103000020E6100000010000000500000037A79201A02042403A747ADE8DEF484037A79201A0204240C7F0D8CF62014940EB573A1F9E114240C7F0D8CF62014940EB573A1F9E1142403A747ADE8DEF484037A79201A02042403A747ADE8DEF4840	/results/example/56f604f0-edcd-4221-bb96-690cc345dd5b_NDVI_2021-03-30.geojson	\N		f	\N	\N		f	\N	\N	""	""
22	example/b58a7f7d-e315-4eb2-8bf8-72b56a73f962_NDWI_2022-05-10.geojson	2022-11-01 10:39:02.260357+00	GEOJSON	0103000020E61000000100000005000000309E4143FF26424069C9E369F9034840309E4143FF26424013D55B035B03494001FA7DFFE615424013D55B035B03494001FA7DFFE615424069C9E369F9034840309E4143FF26424069C9E369F9034840	/results/example/b58a7f7d-e315-4eb2-8bf8-72b56a73f962_NDWI_2022-05-10.geojson	\N		f	\N	\N		f	\N	\N	""	""
\.


--
-- TOC entry 4157 (class 0 OID 19875)
-- Dependencies: 208
-- Data for Name: spatial_ref_sys; Type: TABLE DATA; Schema: public; Owner: sip
--

COPY public.spatial_ref_sys (srid, auth_name, auth_srid, srtext, proj4text) FROM stdin;
\.


--
-- TOC entry 4668 (class 0 OID 21261)
-- Dependencies: 304
-- Data for Name: user_user; Type: TABLE DATA; Schema: public; Owner: sip
--

COPY public.user_user (id, password, last_login, is_superuser, username, first_name, last_name, email, is_staff, is_active, date_joined, area_limit_ha, planet_api_key) FROM stdin;
2	pbkdf2_sha256$150000$xBdzPJKdgbvQ$Zn4LMX9EZXgDfQC/7QUUHmslVB8Dwb1PXe0xLn0eus4=	2020-10-25 13:48:59.815632+00	f	test				f	t	2020-10-25 13:47:22.734006+00	\N	\N
1	pbkdf2_sha256$216000$5lxslJOZ99ef$j1TFWeW904OT0VDlEeYhfIRfXWothXtZHHnuwAb+hOg=	2022-11-14 18:35:24.746409+00	t	admin			admin@localhost	t	t	2020-10-25 11:54:51.550807+00	\N	\N
\.


--
-- TOC entry 4669 (class 0 OID 21267)
-- Dependencies: 305
-- Data for Name: user_user_groups; Type: TABLE DATA; Schema: public; Owner: sip
--

COPY public.user_user_groups (id, user_id, group_id) FROM stdin;
1	1	1
2	2	2
\.


--
-- TOC entry 4672 (class 0 OID 21274)
-- Dependencies: 308
-- Data for Name: user_user_user_permissions; Type: TABLE DATA; Schema: public; Owner: sip
--

COPY public.user_user_user_permissions (id, user_id, permission_id) FROM stdin;
\.


--
-- TOC entry 4158 (class 0 OID 20578)
-- Dependencies: 213
-- Data for Name: geocode_settings; Type: TABLE DATA; Schema: tiger; Owner: sip
--

COPY tiger.geocode_settings (name, setting, unit, category, short_desc) FROM stdin;
\.


--
-- TOC entry 4159 (class 0 OID 20932)
-- Dependencies: 257
-- Data for Name: pagc_gaz; Type: TABLE DATA; Schema: tiger; Owner: sip
--

COPY tiger.pagc_gaz (id, seq, word, stdword, token, is_custom) FROM stdin;
\.


--
-- TOC entry 4160 (class 0 OID 20944)
-- Dependencies: 259
-- Data for Name: pagc_lex; Type: TABLE DATA; Schema: tiger; Owner: sip
--

COPY tiger.pagc_lex (id, seq, word, stdword, token, is_custom) FROM stdin;
\.


--
-- TOC entry 4161 (class 0 OID 20956)
-- Dependencies: 261
-- Data for Name: pagc_rules; Type: TABLE DATA; Schema: tiger; Owner: sip
--

COPY tiger.pagc_rules (id, rule, is_custom) FROM stdin;
\.


--
-- TOC entry 4162 (class 0 OID 21002)
-- Dependencies: 263
-- Data for Name: topology; Type: TABLE DATA; Schema: topology; Owner: sip
--

COPY topology.topology (id, name, srid, "precision", hasz) FROM stdin;
\.


--
-- TOC entry 4163 (class 0 OID 21015)
-- Dependencies: 264
-- Data for Name: layer; Type: TABLE DATA; Schema: topology; Owner: sip
--

COPY topology.layer (topology_id, layer_id, schema_name, table_name, feature_column, feature_type, level, child_id) FROM stdin;
\.


--
-- TOC entry 4704 (class 0 OID 0)
-- Dependencies: 269
-- Name: aoi_aoi_id_seq; Type: SEQUENCE SET; Schema: public; Owner: sip
--

SELECT pg_catalog.setval('public.aoi_aoi_id_seq', 5, true);


--
-- TOC entry 4705 (class 0 OID 0)
-- Dependencies: 271
-- Name: aoi_component_id_seq; Type: SEQUENCE SET; Schema: public; Owner: sip
--

SELECT pg_catalog.setval('public.aoi_component_id_seq', 1, true);


--
-- TOC entry 4706 (class 0 OID 0)
-- Dependencies: 273
-- Name: aoi_component_inputs_id_seq; Type: SEQUENCE SET; Schema: public; Owner: sip
--

SELECT pg_catalog.setval('public.aoi_component_inputs_id_seq', 5, true);


--
-- TOC entry 4707 (class 0 OID 0)
-- Dependencies: 275
-- Name: aoi_component_outputs_id_seq; Type: SEQUENCE SET; Schema: public; Owner: sip
--

SELECT pg_catalog.setval('public.aoi_component_outputs_id_seq', 3, true);


--
-- TOC entry 4708 (class 0 OID 0)
-- Dependencies: 277
-- Name: aoi_input_id_seq; Type: SEQUENCE SET; Schema: public; Owner: sip
--

SELECT pg_catalog.setval('public.aoi_input_id_seq', 5, true);


--
-- TOC entry 4709 (class 0 OID 0)
-- Dependencies: 279
-- Name: aoi_jupyternotebook_id_seq; Type: SEQUENCE SET; Schema: public; Owner: sip
--

SELECT pg_catalog.setval('public.aoi_jupyternotebook_id_seq', 7, true);


--
-- TOC entry 4710 (class 0 OID 0)
-- Dependencies: 281
-- Name: aoi_output_id_seq; Type: SEQUENCE SET; Schema: public; Owner: sip
--

SELECT pg_catalog.setval('public.aoi_output_id_seq', 3, true);


--
-- TOC entry 4711 (class 0 OID 0)
-- Dependencies: 283
-- Name: aoi_request_id_seq; Type: SEQUENCE SET; Schema: public; Owner: sip
--

SELECT pg_catalog.setval('public.aoi_request_id_seq', 8, true);


--
-- TOC entry 4712 (class 0 OID 0)
-- Dependencies: 285
-- Name: auth_group_id_seq; Type: SEQUENCE SET; Schema: public; Owner: sip
--

SELECT pg_catalog.setval('public.auth_group_id_seq', 2, true);


--
-- TOC entry 4713 (class 0 OID 0)
-- Dependencies: 287
-- Name: auth_group_permissions_id_seq; Type: SEQUENCE SET; Schema: public; Owner: sip
--

SELECT pg_catalog.setval('public.auth_group_permissions_id_seq', 25, true);


--
-- TOC entry 4714 (class 0 OID 0)
-- Dependencies: 289
-- Name: auth_permission_id_seq; Type: SEQUENCE SET; Schema: public; Owner: sip
--

SELECT pg_catalog.setval('public.auth_permission_id_seq', 75, true);


--
-- TOC entry 4715 (class 0 OID 0)
-- Dependencies: 292
-- Name: django_admin_log_id_seq; Type: SEQUENCE SET; Schema: public; Owner: sip
--

SELECT pg_catalog.setval('public.django_admin_log_id_seq', 23, true);


--
-- TOC entry 4716 (class 0 OID 0)
-- Dependencies: 294
-- Name: django_content_type_id_seq; Type: SEQUENCE SET; Schema: public; Owner: sip
--

SELECT pg_catalog.setval('public.django_content_type_id_seq', 18, true);


--
-- TOC entry 4717 (class 0 OID 0)
-- Dependencies: 296
-- Name: django_migrations_id_seq; Type: SEQUENCE SET; Schema: public; Owner: sip
--

SELECT pg_catalog.setval('public.django_migrations_id_seq', 80, true);


--
-- TOC entry 4718 (class 0 OID 0)
-- Dependencies: 299
-- Name: django_site_id_seq; Type: SEQUENCE SET; Schema: public; Owner: sip
--

SELECT pg_catalog.setval('public.django_site_id_seq', 1, true);


--
-- TOC entry 4719 (class 0 OID 0)
-- Dependencies: 301
-- Name: publisher_acl_id_seq; Type: SEQUENCE SET; Schema: public; Owner: sip
--

SELECT pg_catalog.setval('public.publisher_acl_id_seq', 1, false);


--
-- TOC entry 4720 (class 0 OID 0)
-- Dependencies: 303
-- Name: publisher_result_id_seq; Type: SEQUENCE SET; Schema: public; Owner: sip
--

SELECT pg_catalog.setval('public.publisher_result_id_seq', 22, true);


--
-- TOC entry 4721 (class 0 OID 0)
-- Dependencies: 306
-- Name: user_user_groups_id_seq; Type: SEQUENCE SET; Schema: public; Owner: sip
--

SELECT pg_catalog.setval('public.user_user_groups_id_seq', 3, true);


--
-- TOC entry 4722 (class 0 OID 0)
-- Dependencies: 307
-- Name: user_user_id_seq; Type: SEQUENCE SET; Schema: public; Owner: sip
--

SELECT pg_catalog.setval('public.user_user_id_seq', 2, true);


--
-- TOC entry 4723 (class 0 OID 0)
-- Dependencies: 309
-- Name: user_user_user_permissions_id_seq; Type: SEQUENCE SET; Schema: public; Owner: sip
--

SELECT pg_catalog.setval('public.user_user_user_permissions_id_seq', 1, false);


--
-- TOC entry 4372 (class 2606 OID 21300)
-- Name: aoi_aoi aoi_aoi_name_key; Type: CONSTRAINT; Schema: public; Owner: sip
--

ALTER TABLE ONLY public.aoi_aoi
    ADD CONSTRAINT aoi_aoi_name_key UNIQUE (name);


--
-- TOC entry 4374 (class 2606 OID 21302)
-- Name: aoi_aoi aoi_aoi_pkey; Type: CONSTRAINT; Schema: public; Owner: sip
--

ALTER TABLE ONLY public.aoi_aoi
    ADD CONSTRAINT aoi_aoi_pkey PRIMARY KEY (id);


--
-- TOC entry 4381 (class 2606 OID 21304)
-- Name: aoi_component_inputs aoi_component_inputs_component_id_input_id_6982f3a2_uniq; Type: CONSTRAINT; Schema: public; Owner: sip
--

ALTER TABLE ONLY public.aoi_component_inputs
    ADD CONSTRAINT aoi_component_inputs_component_id_input_id_6982f3a2_uniq UNIQUE (component_id, input_id);


--
-- TOC entry 4384 (class 2606 OID 21306)
-- Name: aoi_component_inputs aoi_component_inputs_pkey; Type: CONSTRAINT; Schema: public; Owner: sip
--

ALTER TABLE ONLY public.aoi_component_inputs
    ADD CONSTRAINT aoi_component_inputs_pkey PRIMARY KEY (id);


--
-- TOC entry 4387 (class 2606 OID 21308)
-- Name: aoi_component_outputs aoi_component_outputs_component_id_output_id_56625e62_uniq; Type: CONSTRAINT; Schema: public; Owner: sip
--

ALTER TABLE ONLY public.aoi_component_outputs
    ADD CONSTRAINT aoi_component_outputs_component_id_output_id_56625e62_uniq UNIQUE (component_id, output_id);


--
-- TOC entry 4390 (class 2606 OID 21310)
-- Name: aoi_component_outputs aoi_component_outputs_pkey; Type: CONSTRAINT; Schema: public; Owner: sip
--

ALTER TABLE ONLY public.aoi_component_outputs
    ADD CONSTRAINT aoi_component_outputs_pkey PRIMARY KEY (id);


--
-- TOC entry 4378 (class 2606 OID 21312)
-- Name: aoi_component aoi_component_pkey; Type: CONSTRAINT; Schema: public; Owner: sip
--

ALTER TABLE ONLY public.aoi_component
    ADD CONSTRAINT aoi_component_pkey PRIMARY KEY (id);


--
-- TOC entry 4392 (class 2606 OID 21314)
-- Name: aoi_input aoi_input_pkey; Type: CONSTRAINT; Schema: public; Owner: sip
--

ALTER TABLE ONLY public.aoi_input
    ADD CONSTRAINT aoi_input_pkey PRIMARY KEY (id);


--
-- TOC entry 4395 (class 2606 OID 21316)
-- Name: aoi_jupyternotebook aoi_jupyternotebook_name_key; Type: CONSTRAINT; Schema: public; Owner: sip
--

ALTER TABLE ONLY public.aoi_jupyternotebook
    ADD CONSTRAINT aoi_jupyternotebook_name_key UNIQUE (name);


--
-- TOC entry 4398 (class 2606 OID 21318)
-- Name: aoi_jupyternotebook aoi_jupyternotebook_path_to_a_notebook_key; Type: CONSTRAINT; Schema: public; Owner: sip
--

ALTER TABLE ONLY public.aoi_jupyternotebook
    ADD CONSTRAINT aoi_jupyternotebook_path_to_a_notebook_key UNIQUE (path);


--
-- TOC entry 4400 (class 2606 OID 21320)
-- Name: aoi_jupyternotebook aoi_jupyternotebook_pkey; Type: CONSTRAINT; Schema: public; Owner: sip
--

ALTER TABLE ONLY public.aoi_jupyternotebook
    ADD CONSTRAINT aoi_jupyternotebook_pkey PRIMARY KEY (id);


--
-- TOC entry 4402 (class 2606 OID 21322)
-- Name: aoi_output aoi_output_pkey; Type: CONSTRAINT; Schema: public; Owner: sip
--

ALTER TABLE ONLY public.aoi_output
    ADD CONSTRAINT aoi_output_pkey PRIMARY KEY (id);


--
-- TOC entry 4406 (class 2606 OID 21324)
-- Name: aoi_request aoi_request_pkey; Type: CONSTRAINT; Schema: public; Owner: sip
--

ALTER TABLE ONLY public.aoi_request
    ADD CONSTRAINT aoi_request_pkey PRIMARY KEY (id);


--
-- TOC entry 4411 (class 2606 OID 21326)
-- Name: auth_group auth_group_name_key; Type: CONSTRAINT; Schema: public; Owner: sip
--

ALTER TABLE ONLY public.auth_group
    ADD CONSTRAINT auth_group_name_key UNIQUE (name);


--
-- TOC entry 4416 (class 2606 OID 21328)
-- Name: auth_group_permissions auth_group_permissions_group_id_permission_id_0cd325b0_uniq; Type: CONSTRAINT; Schema: public; Owner: sip
--

ALTER TABLE ONLY public.auth_group_permissions
    ADD CONSTRAINT auth_group_permissions_group_id_permission_id_0cd325b0_uniq UNIQUE (group_id, permission_id);


--
-- TOC entry 4419 (class 2606 OID 21330)
-- Name: auth_group_permissions auth_group_permissions_pkey; Type: CONSTRAINT; Schema: public; Owner: sip
--

ALTER TABLE ONLY public.auth_group_permissions
    ADD CONSTRAINT auth_group_permissions_pkey PRIMARY KEY (id);


--
-- TOC entry 4413 (class 2606 OID 21332)
-- Name: auth_group auth_group_pkey; Type: CONSTRAINT; Schema: public; Owner: sip
--

ALTER TABLE ONLY public.auth_group
    ADD CONSTRAINT auth_group_pkey PRIMARY KEY (id);


--
-- TOC entry 4422 (class 2606 OID 21334)
-- Name: auth_permission auth_permission_content_type_id_codename_01ab375a_uniq; Type: CONSTRAINT; Schema: public; Owner: sip
--

ALTER TABLE ONLY public.auth_permission
    ADD CONSTRAINT auth_permission_content_type_id_codename_01ab375a_uniq UNIQUE (content_type_id, codename);


--
-- TOC entry 4424 (class 2606 OID 21336)
-- Name: auth_permission auth_permission_pkey; Type: CONSTRAINT; Schema: public; Owner: sip
--

ALTER TABLE ONLY public.auth_permission
    ADD CONSTRAINT auth_permission_pkey PRIMARY KEY (id);


--
-- TOC entry 4427 (class 2606 OID 21338)
-- Name: authtoken_token authtoken_token_pkey; Type: CONSTRAINT; Schema: public; Owner: sip
--

ALTER TABLE ONLY public.authtoken_token
    ADD CONSTRAINT authtoken_token_pkey PRIMARY KEY (key);


--
-- TOC entry 4429 (class 2606 OID 21340)
-- Name: authtoken_token authtoken_token_user_id_key; Type: CONSTRAINT; Schema: public; Owner: sip
--

ALTER TABLE ONLY public.authtoken_token
    ADD CONSTRAINT authtoken_token_user_id_key UNIQUE (user_id);


--
-- TOC entry 4432 (class 2606 OID 21342)
-- Name: django_admin_log django_admin_log_pkey; Type: CONSTRAINT; Schema: public; Owner: sip
--

ALTER TABLE ONLY public.django_admin_log
    ADD CONSTRAINT django_admin_log_pkey PRIMARY KEY (id);


--
-- TOC entry 4435 (class 2606 OID 21344)
-- Name: django_content_type django_content_type_app_label_model_76bd3d3b_uniq; Type: CONSTRAINT; Schema: public; Owner: sip
--

ALTER TABLE ONLY public.django_content_type
    ADD CONSTRAINT django_content_type_app_label_model_76bd3d3b_uniq UNIQUE (app_label, model);


--
-- TOC entry 4437 (class 2606 OID 21346)
-- Name: django_content_type django_content_type_pkey; Type: CONSTRAINT; Schema: public; Owner: sip
--

ALTER TABLE ONLY public.django_content_type
    ADD CONSTRAINT django_content_type_pkey PRIMARY KEY (id);


--
-- TOC entry 4439 (class 2606 OID 21348)
-- Name: django_migrations django_migrations_pkey; Type: CONSTRAINT; Schema: public; Owner: sip
--

ALTER TABLE ONLY public.django_migrations
    ADD CONSTRAINT django_migrations_pkey PRIMARY KEY (id);


--
-- TOC entry 4442 (class 2606 OID 21350)
-- Name: django_session django_session_pkey; Type: CONSTRAINT; Schema: public; Owner: sip
--

ALTER TABLE ONLY public.django_session
    ADD CONSTRAINT django_session_pkey PRIMARY KEY (session_key);


--
-- TOC entry 4446 (class 2606 OID 21352)
-- Name: django_site django_site_domain_a2e37b91_uniq; Type: CONSTRAINT; Schema: public; Owner: sip
--

ALTER TABLE ONLY public.django_site
    ADD CONSTRAINT django_site_domain_a2e37b91_uniq UNIQUE (domain);


--
-- TOC entry 4448 (class 2606 OID 21354)
-- Name: django_site django_site_pkey; Type: CONSTRAINT; Schema: public; Owner: sip
--

ALTER TABLE ONLY public.django_site
    ADD CONSTRAINT django_site_pkey PRIMARY KEY (id);


--
-- TOC entry 4450 (class 2606 OID 21356)
-- Name: publisher_acl publisher_acl_pkey; Type: CONSTRAINT; Schema: public; Owner: sip
--

ALTER TABLE ONLY public.publisher_acl
    ADD CONSTRAINT publisher_acl_pkey PRIMARY KEY (id);


--
-- TOC entry 4452 (class 2606 OID 21358)
-- Name: publisher_acl publisher_acl_user_id_id_key; Type: CONSTRAINT; Schema: public; Owner: sip
--

ALTER TABLE ONLY public.publisher_acl
    ADD CONSTRAINT publisher_acl_user_id_id_key UNIQUE (user_id);


--
-- TOC entry 4455 (class 2606 OID 21360)
-- Name: publisher_result publisher_result_filepath_key; Type: CONSTRAINT; Schema: public; Owner: sip
--

ALTER TABLE ONLY public.publisher_result
    ADD CONSTRAINT publisher_result_filepath_key UNIQUE (filepath);


--
-- TOC entry 4457 (class 2606 OID 21362)
-- Name: publisher_result publisher_result_pkey; Type: CONSTRAINT; Schema: public; Owner: sip
--

ALTER TABLE ONLY public.publisher_result
    ADD CONSTRAINT publisher_result_pkey PRIMARY KEY (id);


--
-- TOC entry 4467 (class 2606 OID 21364)
-- Name: user_user_groups user_user_groups_pkey; Type: CONSTRAINT; Schema: public; Owner: sip
--

ALTER TABLE ONLY public.user_user_groups
    ADD CONSTRAINT user_user_groups_pkey PRIMARY KEY (id);


--
-- TOC entry 4470 (class 2606 OID 21366)
-- Name: user_user_groups user_user_groups_user_id_group_id_bb60391f_uniq; Type: CONSTRAINT; Schema: public; Owner: sip
--

ALTER TABLE ONLY public.user_user_groups
    ADD CONSTRAINT user_user_groups_user_id_group_id_bb60391f_uniq UNIQUE (user_id, group_id);


--
-- TOC entry 4461 (class 2606 OID 21368)
-- Name: user_user user_user_pkey; Type: CONSTRAINT; Schema: public; Owner: sip
--

ALTER TABLE ONLY public.user_user
    ADD CONSTRAINT user_user_pkey PRIMARY KEY (id);


--
-- TOC entry 4473 (class 2606 OID 21370)
-- Name: user_user_user_permissions user_user_user_permissions_pkey; Type: CONSTRAINT; Schema: public; Owner: sip
--

ALTER TABLE ONLY public.user_user_user_permissions
    ADD CONSTRAINT user_user_user_permissions_pkey PRIMARY KEY (id);


--
-- TOC entry 4476 (class 2606 OID 21372)
-- Name: user_user_user_permissions user_user_user_permissions_user_id_permission_id_64f4d5b8_uniq; Type: CONSTRAINT; Schema: public; Owner: sip
--

ALTER TABLE ONLY public.user_user_user_permissions
    ADD CONSTRAINT user_user_user_permissions_user_id_permission_id_64f4d5b8_uniq UNIQUE (user_id, permission_id);


--
-- TOC entry 4464 (class 2606 OID 21374)
-- Name: user_user user_user_username_key; Type: CONSTRAINT; Schema: public; Owner: sip
--

ALTER TABLE ONLY public.user_user
    ADD CONSTRAINT user_user_username_key UNIQUE (username);


--
-- TOC entry 4370 (class 1259 OID 21375)
-- Name: aoi_aoi_name_327f8309_like; Type: INDEX; Schema: public; Owner: sip
--

CREATE INDEX aoi_aoi_name_327f8309_like ON public.aoi_aoi USING btree (name varchar_pattern_ops);


--
-- TOC entry 4375 (class 1259 OID 21376)
-- Name: aoi_aoi_polygon_id; Type: INDEX; Schema: public; Owner: sip
--

CREATE INDEX aoi_aoi_polygon_id ON public.aoi_aoi USING gist (polygon);


--
-- TOC entry 4376 (class 1259 OID 21377)
-- Name: aoi_aoi_user_id_id_11e356b5; Type: INDEX; Schema: public; Owner: sip
--

CREATE INDEX aoi_aoi_user_id_id_11e356b5 ON public.aoi_aoi USING btree (user_id);


--
-- TOC entry 4379 (class 1259 OID 21378)
-- Name: aoi_component_inputs_component_id_5a9a5be7; Type: INDEX; Schema: public; Owner: sip
--

CREATE INDEX aoi_component_inputs_component_id_5a9a5be7 ON public.aoi_component_inputs USING btree (component_id);


--
-- TOC entry 4382 (class 1259 OID 21379)
-- Name: aoi_component_inputs_input_id_2af457aa; Type: INDEX; Schema: public; Owner: sip
--

CREATE INDEX aoi_component_inputs_input_id_2af457aa ON public.aoi_component_inputs USING btree (input_id);


--
-- TOC entry 4385 (class 1259 OID 21380)
-- Name: aoi_component_outputs_component_id_8f31926e; Type: INDEX; Schema: public; Owner: sip
--

CREATE INDEX aoi_component_outputs_component_id_8f31926e ON public.aoi_component_outputs USING btree (component_id);


--
-- TOC entry 4388 (class 1259 OID 21381)
-- Name: aoi_component_outputs_output_id_7d4d25af; Type: INDEX; Schema: public; Owner: sip
--

CREATE INDEX aoi_component_outputs_output_id_7d4d25af ON public.aoi_component_outputs USING btree (output_id);


--
-- TOC entry 4393 (class 1259 OID 21382)
-- Name: aoi_jupyternotebook_name_5ca4f926_like; Type: INDEX; Schema: public; Owner: sip
--

CREATE INDEX aoi_jupyternotebook_name_5ca4f926_like ON public.aoi_jupyternotebook USING btree (name varchar_pattern_ops);


--
-- TOC entry 4396 (class 1259 OID 21383)
-- Name: aoi_jupyternotebook_path_to_a_notebook_9e413ab7_like; Type: INDEX; Schema: public; Owner: sip
--

CREATE INDEX aoi_jupyternotebook_path_to_a_notebook_9e413ab7_like ON public.aoi_jupyternotebook USING btree (path varchar_pattern_ops);


--
-- TOC entry 4403 (class 1259 OID 21384)
-- Name: aoi_request_aoi_id_id_48f40c33; Type: INDEX; Schema: public; Owner: sip
--

CREATE INDEX aoi_request_aoi_id_id_48f40c33 ON public.aoi_request USING btree (aoi_id);


--
-- TOC entry 4404 (class 1259 OID 21385)
-- Name: aoi_request_jupyter_notebook_id_id_3d19e09e; Type: INDEX; Schema: public; Owner: sip
--

CREATE INDEX aoi_request_jupyter_notebook_id_id_3d19e09e ON public.aoi_request USING btree (notebook_id);


--
-- TOC entry 4407 (class 1259 OID 21386)
-- Name: aoi_request_polygon_id; Type: INDEX; Schema: public; Owner: sip
--

CREATE INDEX aoi_request_polygon_id ON public.aoi_request USING gist (polygon);


--
-- TOC entry 4408 (class 1259 OID 21387)
-- Name: aoi_request_user_id_id_b43c7e99; Type: INDEX; Schema: public; Owner: sip
--

CREATE INDEX aoi_request_user_id_id_b43c7e99 ON public.aoi_request USING btree (user_id);


--
-- TOC entry 4409 (class 1259 OID 21388)
-- Name: auth_group_name_a6ea08ec_like; Type: INDEX; Schema: public; Owner: sip
--

CREATE INDEX auth_group_name_a6ea08ec_like ON public.auth_group USING btree (name varchar_pattern_ops);


--
-- TOC entry 4414 (class 1259 OID 21389)
-- Name: auth_group_permissions_group_id_b120cbf9; Type: INDEX; Schema: public; Owner: sip
--

CREATE INDEX auth_group_permissions_group_id_b120cbf9 ON public.auth_group_permissions USING btree (group_id);


--
-- TOC entry 4417 (class 1259 OID 21390)
-- Name: auth_group_permissions_permission_id_84c5c92e; Type: INDEX; Schema: public; Owner: sip
--

CREATE INDEX auth_group_permissions_permission_id_84c5c92e ON public.auth_group_permissions USING btree (permission_id);


--
-- TOC entry 4420 (class 1259 OID 21391)
-- Name: auth_permission_content_type_id_2f476e4b; Type: INDEX; Schema: public; Owner: sip
--

CREATE INDEX auth_permission_content_type_id_2f476e4b ON public.auth_permission USING btree (content_type_id);


--
-- TOC entry 4425 (class 1259 OID 21392)
-- Name: authtoken_token_key_10f0b77e_like; Type: INDEX; Schema: public; Owner: sip
--

CREATE INDEX authtoken_token_key_10f0b77e_like ON public.authtoken_token USING btree (key varchar_pattern_ops);


--
-- TOC entry 4430 (class 1259 OID 21393)
-- Name: django_admin_log_content_type_id_c4bce8eb; Type: INDEX; Schema: public; Owner: sip
--

CREATE INDEX django_admin_log_content_type_id_c4bce8eb ON public.django_admin_log USING btree (content_type_id);


--
-- TOC entry 4433 (class 1259 OID 21394)
-- Name: django_admin_log_user_id_c564eba6; Type: INDEX; Schema: public; Owner: sip
--

CREATE INDEX django_admin_log_user_id_c564eba6 ON public.django_admin_log USING btree (user_id);


--
-- TOC entry 4440 (class 1259 OID 21395)
-- Name: django_session_expire_date_a5c62663; Type: INDEX; Schema: public; Owner: sip
--

CREATE INDEX django_session_expire_date_a5c62663 ON public.django_session USING btree (expire_date);


--
-- TOC entry 4443 (class 1259 OID 21396)
-- Name: django_session_session_key_c0390e0f_like; Type: INDEX; Schema: public; Owner: sip
--

CREATE INDEX django_session_session_key_c0390e0f_like ON public.django_session USING btree (session_key varchar_pattern_ops);


--
-- TOC entry 4444 (class 1259 OID 21397)
-- Name: django_site_domain_a2e37b91_like; Type: INDEX; Schema: public; Owner: sip
--

CREATE INDEX django_site_domain_a2e37b91_like ON public.django_site USING btree (domain varchar_pattern_ops);


--
-- TOC entry 4453 (class 1259 OID 21398)
-- Name: publisher_result_filepath_4afb94f5_like; Type: INDEX; Schema: public; Owner: sip
--

CREATE INDEX publisher_result_filepath_4afb94f5_like ON public.publisher_result USING btree (filepath varchar_pattern_ops);


--
-- TOC entry 4458 (class 1259 OID 21399)
-- Name: publisher_result_polygon_id; Type: INDEX; Schema: public; Owner: sip
--

CREATE INDEX publisher_result_polygon_id ON public.publisher_result USING gist (bounding_polygon);


--
-- TOC entry 4459 (class 1259 OID 21400)
-- Name: publisher_result_request_id_id_c342f397; Type: INDEX; Schema: public; Owner: sip
--

CREATE INDEX publisher_result_request_id_id_c342f397 ON public.publisher_result USING btree (request_id);


--
-- TOC entry 4465 (class 1259 OID 21401)
-- Name: user_user_groups_group_id_c57f13c0; Type: INDEX; Schema: public; Owner: sip
--

CREATE INDEX user_user_groups_group_id_c57f13c0 ON public.user_user_groups USING btree (group_id);


--
-- TOC entry 4468 (class 1259 OID 21402)
-- Name: user_user_groups_user_id_13f9a20d; Type: INDEX; Schema: public; Owner: sip
--

CREATE INDEX user_user_groups_user_id_13f9a20d ON public.user_user_groups USING btree (user_id);


--
-- TOC entry 4471 (class 1259 OID 21403)
-- Name: user_user_user_permissions_permission_id_ce49d4de; Type: INDEX; Schema: public; Owner: sip
--

CREATE INDEX user_user_user_permissions_permission_id_ce49d4de ON public.user_user_user_permissions USING btree (permission_id);


--
-- TOC entry 4474 (class 1259 OID 21404)
-- Name: user_user_user_permissions_user_id_31782f58; Type: INDEX; Schema: public; Owner: sip
--

CREATE INDEX user_user_user_permissions_user_id_31782f58 ON public.user_user_user_permissions USING btree (user_id);


--
-- TOC entry 4462 (class 1259 OID 21405)
-- Name: user_user_username_e2bdfe0c_like; Type: INDEX; Schema: public; Owner: sip
--

CREATE INDEX user_user_username_e2bdfe0c_like ON public.user_user USING btree (username varchar_pattern_ops);


--
-- TOC entry 4477 (class 2606 OID 21406)
-- Name: aoi_aoi aoi_aoi_user_id_10b54171_fk_user_user_id; Type: FK CONSTRAINT; Schema: public; Owner: sip
--

ALTER TABLE ONLY public.aoi_aoi
    ADD CONSTRAINT aoi_aoi_user_id_10b54171_fk_user_user_id FOREIGN KEY (user_id) REFERENCES public.user_user(id) DEFERRABLE INITIALLY DEFERRED;


--
-- TOC entry 4478 (class 2606 OID 21411)
-- Name: aoi_component_inputs aoi_component_inputs_component_id_5a9a5be7_fk_aoi_component_id; Type: FK CONSTRAINT; Schema: public; Owner: sip
--

ALTER TABLE ONLY public.aoi_component_inputs
    ADD CONSTRAINT aoi_component_inputs_component_id_5a9a5be7_fk_aoi_component_id FOREIGN KEY (component_id) REFERENCES public.aoi_component(id) DEFERRABLE INITIALLY DEFERRED;


--
-- TOC entry 4479 (class 2606 OID 21416)
-- Name: aoi_component_inputs aoi_component_inputs_input_id_2af457aa_fk_aoi_input_id; Type: FK CONSTRAINT; Schema: public; Owner: sip
--

ALTER TABLE ONLY public.aoi_component_inputs
    ADD CONSTRAINT aoi_component_inputs_input_id_2af457aa_fk_aoi_input_id FOREIGN KEY (input_id) REFERENCES public.aoi_input(id) DEFERRABLE INITIALLY DEFERRED;


--
-- TOC entry 4480 (class 2606 OID 21421)
-- Name: aoi_component_outputs aoi_component_outputs_component_id_8f31926e_fk_aoi_component_id; Type: FK CONSTRAINT; Schema: public; Owner: sip
--

ALTER TABLE ONLY public.aoi_component_outputs
    ADD CONSTRAINT aoi_component_outputs_component_id_8f31926e_fk_aoi_component_id FOREIGN KEY (component_id) REFERENCES public.aoi_component(id) DEFERRABLE INITIALLY DEFERRED;


--
-- TOC entry 4481 (class 2606 OID 21426)
-- Name: aoi_component_outputs aoi_component_outputs_output_id_7d4d25af_fk_aoi_output_id; Type: FK CONSTRAINT; Schema: public; Owner: sip
--

ALTER TABLE ONLY public.aoi_component_outputs
    ADD CONSTRAINT aoi_component_outputs_output_id_7d4d25af_fk_aoi_output_id FOREIGN KEY (output_id) REFERENCES public.aoi_output(id) DEFERRABLE INITIALLY DEFERRED;


--
-- TOC entry 4482 (class 2606 OID 21431)
-- Name: aoi_request aoi_request_aoi_id_a780f213_fk_aoi_aoi_id; Type: FK CONSTRAINT; Schema: public; Owner: sip
--

ALTER TABLE ONLY public.aoi_request
    ADD CONSTRAINT aoi_request_aoi_id_a780f213_fk_aoi_aoi_id FOREIGN KEY (aoi_id) REFERENCES public.aoi_aoi(id) DEFERRABLE INITIALLY DEFERRED;


--
-- TOC entry 4483 (class 2606 OID 21436)
-- Name: aoi_request aoi_request_notebook_id_f7bf3b9d_fk_aoi_jupyternotebook_id; Type: FK CONSTRAINT; Schema: public; Owner: sip
--

ALTER TABLE ONLY public.aoi_request
    ADD CONSTRAINT aoi_request_notebook_id_f7bf3b9d_fk_aoi_jupyternotebook_id FOREIGN KEY (notebook_id) REFERENCES public.aoi_jupyternotebook(id) DEFERRABLE INITIALLY DEFERRED;


--
-- TOC entry 4484 (class 2606 OID 21441)
-- Name: aoi_request aoi_request_user_id_9d499769_fk_user_user_id; Type: FK CONSTRAINT; Schema: public; Owner: sip
--

ALTER TABLE ONLY public.aoi_request
    ADD CONSTRAINT aoi_request_user_id_9d499769_fk_user_user_id FOREIGN KEY (user_id) REFERENCES public.user_user(id) DEFERRABLE INITIALLY DEFERRED;


--
-- TOC entry 4485 (class 2606 OID 21446)
-- Name: auth_group_permissions auth_group_permissio_permission_id_84c5c92e_fk_auth_perm; Type: FK CONSTRAINT; Schema: public; Owner: sip
--

ALTER TABLE ONLY public.auth_group_permissions
    ADD CONSTRAINT auth_group_permissio_permission_id_84c5c92e_fk_auth_perm FOREIGN KEY (permission_id) REFERENCES public.auth_permission(id) DEFERRABLE INITIALLY DEFERRED;


--
-- TOC entry 4486 (class 2606 OID 21451)
-- Name: auth_group_permissions auth_group_permissions_group_id_b120cbf9_fk_auth_group_id; Type: FK CONSTRAINT; Schema: public; Owner: sip
--

ALTER TABLE ONLY public.auth_group_permissions
    ADD CONSTRAINT auth_group_permissions_group_id_b120cbf9_fk_auth_group_id FOREIGN KEY (group_id) REFERENCES public.auth_group(id) DEFERRABLE INITIALLY DEFERRED;


--
-- TOC entry 4487 (class 2606 OID 21456)
-- Name: auth_permission auth_permission_content_type_id_2f476e4b_fk_django_co; Type: FK CONSTRAINT; Schema: public; Owner: sip
--

ALTER TABLE ONLY public.auth_permission
    ADD CONSTRAINT auth_permission_content_type_id_2f476e4b_fk_django_co FOREIGN KEY (content_type_id) REFERENCES public.django_content_type(id) DEFERRABLE INITIALLY DEFERRED;


--
-- TOC entry 4488 (class 2606 OID 21461)
-- Name: authtoken_token authtoken_token_user_id_35299eff_fk_user_user_id; Type: FK CONSTRAINT; Schema: public; Owner: sip
--

ALTER TABLE ONLY public.authtoken_token
    ADD CONSTRAINT authtoken_token_user_id_35299eff_fk_user_user_id FOREIGN KEY (user_id) REFERENCES public.user_user(id) DEFERRABLE INITIALLY DEFERRED;


--
-- TOC entry 4489 (class 2606 OID 21466)
-- Name: django_admin_log django_admin_log_content_type_id_c4bce8eb_fk_django_co; Type: FK CONSTRAINT; Schema: public; Owner: sip
--

ALTER TABLE ONLY public.django_admin_log
    ADD CONSTRAINT django_admin_log_content_type_id_c4bce8eb_fk_django_co FOREIGN KEY (content_type_id) REFERENCES public.django_content_type(id) DEFERRABLE INITIALLY DEFERRED;


--
-- TOC entry 4490 (class 2606 OID 21471)
-- Name: django_admin_log django_admin_log_user_id_c564eba6_fk_user_user_id; Type: FK CONSTRAINT; Schema: public; Owner: sip
--

ALTER TABLE ONLY public.django_admin_log
    ADD CONSTRAINT django_admin_log_user_id_c564eba6_fk_user_user_id FOREIGN KEY (user_id) REFERENCES public.user_user(id) DEFERRABLE INITIALLY DEFERRED;


--
-- TOC entry 4491 (class 2606 OID 21476)
-- Name: publisher_acl publisher_acl_user_id_9f5c1ca9_fk_user_user_id; Type: FK CONSTRAINT; Schema: public; Owner: sip
--

ALTER TABLE ONLY public.publisher_acl
    ADD CONSTRAINT publisher_acl_user_id_9f5c1ca9_fk_user_user_id FOREIGN KEY (user_id) REFERENCES public.user_user(id) DEFERRABLE INITIALLY DEFERRED;


--
-- TOC entry 4492 (class 2606 OID 21481)
-- Name: publisher_result publisher_result_request_id_164a445f_fk_aoi_request_id; Type: FK CONSTRAINT; Schema: public; Owner: sip
--

ALTER TABLE ONLY public.publisher_result
    ADD CONSTRAINT publisher_result_request_id_164a445f_fk_aoi_request_id FOREIGN KEY (request_id) REFERENCES public.aoi_request(id) DEFERRABLE INITIALLY DEFERRED;


--
-- TOC entry 4493 (class 2606 OID 21486)
-- Name: user_user_groups user_user_groups_group_id_c57f13c0_fk_auth_group_id; Type: FK CONSTRAINT; Schema: public; Owner: sip
--

ALTER TABLE ONLY public.user_user_groups
    ADD CONSTRAINT user_user_groups_group_id_c57f13c0_fk_auth_group_id FOREIGN KEY (group_id) REFERENCES public.auth_group(id) DEFERRABLE INITIALLY DEFERRED;


--
-- TOC entry 4494 (class 2606 OID 21491)
-- Name: user_user_groups user_user_groups_user_id_13f9a20d_fk_user_user_id; Type: FK CONSTRAINT; Schema: public; Owner: sip
--

ALTER TABLE ONLY public.user_user_groups
    ADD CONSTRAINT user_user_groups_user_id_13f9a20d_fk_user_user_id FOREIGN KEY (user_id) REFERENCES public.user_user(id) DEFERRABLE INITIALLY DEFERRED;


--
-- TOC entry 4495 (class 2606 OID 21496)
-- Name: user_user_user_permissions user_user_user_permi_permission_id_ce49d4de_fk_auth_perm; Type: FK CONSTRAINT; Schema: public; Owner: sip
--

ALTER TABLE ONLY public.user_user_user_permissions
    ADD CONSTRAINT user_user_user_permi_permission_id_ce49d4de_fk_auth_perm FOREIGN KEY (permission_id) REFERENCES public.auth_permission(id) DEFERRABLE INITIALLY DEFERRED;


--
-- TOC entry 4496 (class 2606 OID 21501)
-- Name: user_user_user_permissions user_user_user_permissions_user_id_31782f58_fk_user_user_id; Type: FK CONSTRAINT; Schema: public; Owner: sip
--

ALTER TABLE ONLY public.user_user_user_permissions
    ADD CONSTRAINT user_user_user_permissions_user_id_31782f58_fk_user_user_id FOREIGN KEY (user_id) REFERENCES public.user_user(id) DEFERRABLE INITIALLY DEFERRED;


-- Completed on 2022-11-15 17:43:21 EET

--
-- PostgreSQL database dump complete
--

