--
-- PostgreSQL database dump
--

-- Dumped from database version 13.1 (Debian 13.1-1.pgdg100+1)
-- Dumped by pg_dump version 13.1 (Debian 13.1-1.pgdg100+1)

SET statement_timeout = 0;
SET lock_timeout = 0;
SET idle_in_transaction_session_timeout = 0;
SET client_encoding = 'UTF8';
SET standard_conforming_strings = on;
SELECT pg_catalog.set_config('search_path', '', false);
SET check_function_bodies = false;
SET xmloption = content;
SET client_min_messages = warning;
SET row_security = off;

--
-- Name: tiger; Type: SCHEMA; Schema: -; Owner: sip
--

CREATE SCHEMA tiger;


ALTER SCHEMA tiger OWNER TO sip;

--
-- Name: tiger_data; Type: SCHEMA; Schema: -; Owner: sip
--

CREATE SCHEMA tiger_data;


ALTER SCHEMA tiger_data OWNER TO sip;

--
-- Name: topology; Type: SCHEMA; Schema: -; Owner: sip
--

CREATE SCHEMA topology;


ALTER SCHEMA topology OWNER TO sip;

--
-- Name: SCHEMA topology; Type: COMMENT; Schema: -; Owner: sip
--

COMMENT ON SCHEMA topology IS 'PostGIS Topology schema';


--
-- Name: fuzzystrmatch; Type: EXTENSION; Schema: -; Owner: -
--

CREATE EXTENSION IF NOT EXISTS fuzzystrmatch WITH SCHEMA public;


--
-- Name: EXTENSION fuzzystrmatch; Type: COMMENT; Schema: -; Owner: 
--

COMMENT ON EXTENSION fuzzystrmatch IS 'determine similarities and distance between strings';


--
-- Name: postgis; Type: EXTENSION; Schema: -; Owner: -
--

CREATE EXTENSION IF NOT EXISTS postgis WITH SCHEMA public;


--
-- Name: EXTENSION postgis; Type: COMMENT; Schema: -; Owner: 
--

COMMENT ON EXTENSION postgis IS 'PostGIS geometry, geography, and raster spatial types and functions';


--
-- Name: postgis_tiger_geocoder; Type: EXTENSION; Schema: -; Owner: -
--

CREATE EXTENSION IF NOT EXISTS postgis_tiger_geocoder WITH SCHEMA tiger;


--
-- Name: EXTENSION postgis_tiger_geocoder; Type: COMMENT; Schema: -; Owner: 
--

COMMENT ON EXTENSION postgis_tiger_geocoder IS 'PostGIS tiger geocoder and reverse geocoder';


--
-- Name: postgis_topology; Type: EXTENSION; Schema: -; Owner: -
--

CREATE EXTENSION IF NOT EXISTS postgis_topology WITH SCHEMA topology;


--
-- Name: EXTENSION postgis_topology; Type: COMMENT; Schema: -; Owner: 
--

COMMENT ON EXTENSION postgis_topology IS 'PostGIS topology spatial types and functions';


SET default_tablespace = '';

SET default_table_access_method = heap;

--
-- Name: aoi_aoi; Type: TABLE; Schema: public; Owner: sip
--

CREATE TABLE public.aoi_aoi (
    id integer NOT NULL,
    name character varying(200) NOT NULL,
    polygon public.geometry(Polygon,4326) NOT NULL,
    createdat timestamp with time zone NOT NULL,
    user_id integer NOT NULL,
    type_id integer NOT NULL
);


ALTER TABLE public.aoi_aoi OWNER TO sip;

--
-- Name: aoi_aoi_id_seq; Type: SEQUENCE; Schema: public; Owner: sip
--

CREATE SEQUENCE public.aoi_aoi_id_seq
    AS integer
    START WITH 1
    INCREMENT BY 1
    NO MINVALUE
    NO MAXVALUE
    CACHE 1;


ALTER TABLE public.aoi_aoi_id_seq OWNER TO sip;

--
-- Name: aoi_aoi_id_seq; Type: SEQUENCE OWNED BY; Schema: public; Owner: sip
--

ALTER SEQUENCE public.aoi_aoi_id_seq OWNED BY public.aoi_aoi.id;


--
-- Name: aoi_aoitype; Type: TABLE; Schema: public; Owner: sip
--

CREATE TABLE public.aoi_aoitype (
    id integer NOT NULL,
    name character varying(200) NOT NULL,
    description text NOT NULL
);


ALTER TABLE public.aoi_aoitype OWNER TO sip;

--
-- Name: aoi_aoitype_id_seq; Type: SEQUENCE; Schema: public; Owner: sip
--

CREATE SEQUENCE public.aoi_aoitype_id_seq
    AS integer
    START WITH 1
    INCREMENT BY 1
    NO MINVALUE
    NO MAXVALUE
    CACHE 1;


ALTER TABLE public.aoi_aoitype_id_seq OWNER TO sip;

--
-- Name: aoi_aoitype_id_seq; Type: SEQUENCE OWNED BY; Schema: public; Owner: sip
--

ALTER SEQUENCE public.aoi_aoitype_id_seq OWNED BY public.aoi_aoitype.id;


--
-- Name: aoi_jupyternotebook; Type: TABLE; Schema: public; Owner: sip
--

CREATE TABLE public.aoi_jupyternotebook (
    id integer NOT NULL,
    name character varying(200) NOT NULL,
    image character varying(400) NOT NULL,
    path character varying(200) NOT NULL,
    kernel_name character varying(200),
    options jsonb,
    run_validation boolean NOT NULL,
    success boolean NOT NULL
);


ALTER TABLE public.aoi_jupyternotebook OWNER TO sip;

--
-- Name: aoi_jupyternotebook_id_seq; Type: SEQUENCE; Schema: public; Owner: sip
--

CREATE SEQUENCE public.aoi_jupyternotebook_id_seq
    AS integer
    START WITH 1
    INCREMENT BY 1
    NO MINVALUE
    NO MAXVALUE
    CACHE 1;


ALTER TABLE public.aoi_jupyternotebook_id_seq OWNER TO sip;

--
-- Name: aoi_jupyternotebook_id_seq; Type: SEQUENCE OWNED BY; Schema: public; Owner: sip
--

ALTER SEQUENCE public.aoi_jupyternotebook_id_seq OWNED BY public.aoi_jupyternotebook.id;


--
-- Name: aoi_request; Type: TABLE; Schema: public; Owner: sip
--

CREATE TABLE public.aoi_request (
    id integer NOT NULL,
    date_from date,
    date_to date,
    started_at timestamp with time zone,
    finished_at timestamp with time zone,
    error text,
    aoi_id integer,
    notebook_id integer NOT NULL,
    user_id integer NOT NULL,
    success boolean NOT NULL,
    polygon public.geometry(Polygon,4326) NOT NULL,
    calculated boolean NOT NULL
);


ALTER TABLE public.aoi_request OWNER TO sip;

--
-- Name: aoi_request_id_seq; Type: SEQUENCE; Schema: public; Owner: sip
--

CREATE SEQUENCE public.aoi_request_id_seq
    AS integer
    START WITH 1
    INCREMENT BY 1
    NO MINVALUE
    NO MAXVALUE
    CACHE 1;


ALTER TABLE public.aoi_request_id_seq OWNER TO sip;

--
-- Name: aoi_request_id_seq; Type: SEQUENCE OWNED BY; Schema: public; Owner: sip
--

ALTER SEQUENCE public.aoi_request_id_seq OWNED BY public.aoi_request.id;


--
-- Name: auth_group; Type: TABLE; Schema: public; Owner: sip
--

CREATE TABLE public.auth_group (
    id integer NOT NULL,
    name character varying(150) NOT NULL
);


ALTER TABLE public.auth_group OWNER TO sip;

--
-- Name: auth_group_id_seq; Type: SEQUENCE; Schema: public; Owner: sip
--

CREATE SEQUENCE public.auth_group_id_seq
    AS integer
    START WITH 1
    INCREMENT BY 1
    NO MINVALUE
    NO MAXVALUE
    CACHE 1;


ALTER TABLE public.auth_group_id_seq OWNER TO sip;

--
-- Name: auth_group_id_seq; Type: SEQUENCE OWNED BY; Schema: public; Owner: sip
--

ALTER SEQUENCE public.auth_group_id_seq OWNED BY public.auth_group.id;


--
-- Name: auth_group_permissions; Type: TABLE; Schema: public; Owner: sip
--

CREATE TABLE public.auth_group_permissions (
    id integer NOT NULL,
    group_id integer NOT NULL,
    permission_id integer NOT NULL
);


ALTER TABLE public.auth_group_permissions OWNER TO sip;

--
-- Name: auth_group_permissions_id_seq; Type: SEQUENCE; Schema: public; Owner: sip
--

CREATE SEQUENCE public.auth_group_permissions_id_seq
    AS integer
    START WITH 1
    INCREMENT BY 1
    NO MINVALUE
    NO MAXVALUE
    CACHE 1;


ALTER TABLE public.auth_group_permissions_id_seq OWNER TO sip;

--
-- Name: auth_group_permissions_id_seq; Type: SEQUENCE OWNED BY; Schema: public; Owner: sip
--

ALTER SEQUENCE public.auth_group_permissions_id_seq OWNED BY public.auth_group_permissions.id;


--
-- Name: auth_permission; Type: TABLE; Schema: public; Owner: sip
--

CREATE TABLE public.auth_permission (
    id integer NOT NULL,
    name character varying(255) NOT NULL,
    content_type_id integer NOT NULL,
    codename character varying(100) NOT NULL
);


ALTER TABLE public.auth_permission OWNER TO sip;

--
-- Name: auth_permission_id_seq; Type: SEQUENCE; Schema: public; Owner: sip
--

CREATE SEQUENCE public.auth_permission_id_seq
    AS integer
    START WITH 1
    INCREMENT BY 1
    NO MINVALUE
    NO MAXVALUE
    CACHE 1;


ALTER TABLE public.auth_permission_id_seq OWNER TO sip;

--
-- Name: auth_permission_id_seq; Type: SEQUENCE OWNED BY; Schema: public; Owner: sip
--

ALTER SEQUENCE public.auth_permission_id_seq OWNED BY public.auth_permission.id;


--
-- Name: authtoken_token; Type: TABLE; Schema: public; Owner: sip
--

CREATE TABLE public.authtoken_token (
    key character varying(40) NOT NULL,
    created timestamp with time zone NOT NULL,
    user_id integer NOT NULL
);


ALTER TABLE public.authtoken_token OWNER TO sip;

--
-- Name: django_admin_log; Type: TABLE; Schema: public; Owner: sip
--

CREATE TABLE public.django_admin_log (
    id integer NOT NULL,
    action_time timestamp with time zone NOT NULL,
    object_id text,
    object_repr character varying(200) NOT NULL,
    action_flag smallint NOT NULL,
    change_message text NOT NULL,
    content_type_id integer,
    user_id integer NOT NULL,
    CONSTRAINT django_admin_log_action_flag_check CHECK ((action_flag >= 0))
);


ALTER TABLE public.django_admin_log OWNER TO sip;

--
-- Name: django_admin_log_id_seq; Type: SEQUENCE; Schema: public; Owner: sip
--

CREATE SEQUENCE public.django_admin_log_id_seq
    AS integer
    START WITH 1
    INCREMENT BY 1
    NO MINVALUE
    NO MAXVALUE
    CACHE 1;


ALTER TABLE public.django_admin_log_id_seq OWNER TO sip;

--
-- Name: django_admin_log_id_seq; Type: SEQUENCE OWNED BY; Schema: public; Owner: sip
--

ALTER SEQUENCE public.django_admin_log_id_seq OWNED BY public.django_admin_log.id;


--
-- Name: django_content_type; Type: TABLE; Schema: public; Owner: sip
--

CREATE TABLE public.django_content_type (
    id integer NOT NULL,
    app_label character varying(100) NOT NULL,
    model character varying(100) NOT NULL
);


ALTER TABLE public.django_content_type OWNER TO sip;

--
-- Name: django_content_type_id_seq; Type: SEQUENCE; Schema: public; Owner: sip
--

CREATE SEQUENCE public.django_content_type_id_seq
    AS integer
    START WITH 1
    INCREMENT BY 1
    NO MINVALUE
    NO MAXVALUE
    CACHE 1;


ALTER TABLE public.django_content_type_id_seq OWNER TO sip;

--
-- Name: django_content_type_id_seq; Type: SEQUENCE OWNED BY; Schema: public; Owner: sip
--

ALTER SEQUENCE public.django_content_type_id_seq OWNED BY public.django_content_type.id;


--
-- Name: django_migrations; Type: TABLE; Schema: public; Owner: sip
--

CREATE TABLE public.django_migrations (
    id integer NOT NULL,
    app character varying(255) NOT NULL,
    name character varying(255) NOT NULL,
    applied timestamp with time zone NOT NULL
);


ALTER TABLE public.django_migrations OWNER TO sip;

--
-- Name: django_migrations_id_seq; Type: SEQUENCE; Schema: public; Owner: sip
--

CREATE SEQUENCE public.django_migrations_id_seq
    AS integer
    START WITH 1
    INCREMENT BY 1
    NO MINVALUE
    NO MAXVALUE
    CACHE 1;


ALTER TABLE public.django_migrations_id_seq OWNER TO sip;

--
-- Name: django_migrations_id_seq; Type: SEQUENCE OWNED BY; Schema: public; Owner: sip
--

ALTER SEQUENCE public.django_migrations_id_seq OWNED BY public.django_migrations.id;


--
-- Name: django_session; Type: TABLE; Schema: public; Owner: sip
--

CREATE TABLE public.django_session (
    session_key character varying(40) NOT NULL,
    session_data text NOT NULL,
    expire_date timestamp with time zone NOT NULL
);


ALTER TABLE public.django_session OWNER TO sip;

--
-- Name: django_site; Type: TABLE; Schema: public; Owner: sip
--

CREATE TABLE public.django_site (
    id integer NOT NULL,
    domain character varying(100) NOT NULL,
    name character varying(50) NOT NULL
);


ALTER TABLE public.django_site OWNER TO sip;

--
-- Name: django_site_id_seq; Type: SEQUENCE; Schema: public; Owner: sip
--

CREATE SEQUENCE public.django_site_id_seq
    AS integer
    START WITH 1
    INCREMENT BY 1
    NO MINVALUE
    NO MAXVALUE
    CACHE 1;


ALTER TABLE public.django_site_id_seq OWNER TO sip;

--
-- Name: django_site_id_seq; Type: SEQUENCE OWNED BY; Schema: public; Owner: sip
--

ALTER SEQUENCE public.django_site_id_seq OWNED BY public.django_site.id;


--
-- Name: publisher_acl; Type: TABLE; Schema: public; Owner: sip
--

CREATE TABLE public.publisher_acl (
    id integer NOT NULL,
    restrict_projects_to character varying(20)[] NOT NULL,
    user_id integer NOT NULL
);


ALTER TABLE public.publisher_acl OWNER TO sip;

--
-- Name: publisher_acl_id_seq; Type: SEQUENCE; Schema: public; Owner: sip
--

CREATE SEQUENCE public.publisher_acl_id_seq
    AS integer
    START WITH 1
    INCREMENT BY 1
    NO MINVALUE
    NO MAXVALUE
    CACHE 1;


ALTER TABLE public.publisher_acl_id_seq OWNER TO sip;

--
-- Name: publisher_acl_id_seq; Type: SEQUENCE OWNED BY; Schema: public; Owner: sip
--

ALTER SEQUENCE public.publisher_acl_id_seq OWNED BY public.publisher_acl.id;


--
-- Name: publisher_result; Type: TABLE; Schema: public; Owner: sip
--

CREATE TABLE public.publisher_result (
    id integer NOT NULL,
    filepath character varying(200) NOT NULL,
    modifiedat timestamp with time zone NOT NULL,
    layer_type character varying(7) NOT NULL,
    bounding_polygon public.geometry(Polygon,4326) NOT NULL,
    rel_url character varying(400) NOT NULL,
    options jsonb,
    description text NOT NULL,
    released boolean NOT NULL,
    start_date date,
    end_date date,
    name character varying(200) NOT NULL,
    to_be_deleted boolean NOT NULL,
    request_id integer,
    styles_url character varying(400),
    labels jsonb
);


ALTER TABLE public.publisher_result OWNER TO sip;

--
-- Name: publisher_result_id_seq; Type: SEQUENCE; Schema: public; Owner: sip
--

CREATE SEQUENCE public.publisher_result_id_seq
    AS integer
    START WITH 1
    INCREMENT BY 1
    NO MINVALUE
    NO MAXVALUE
    CACHE 1;


ALTER TABLE public.publisher_result_id_seq OWNER TO sip;

--
-- Name: publisher_result_id_seq; Type: SEQUENCE OWNED BY; Schema: public; Owner: sip
--

ALTER SEQUENCE public.publisher_result_id_seq OWNED BY public.publisher_result.id;


--
-- Name: user_user; Type: TABLE; Schema: public; Owner: sip
--

CREATE TABLE public.user_user (
    id integer NOT NULL,
    password character varying(128) NOT NULL,
    last_login timestamp with time zone,
    is_superuser boolean NOT NULL,
    username character varying(150) NOT NULL,
    first_name character varying(150) NOT NULL,
    last_name character varying(150) NOT NULL,
    email character varying(254) NOT NULL,
    is_staff boolean NOT NULL,
    is_active boolean NOT NULL,
    date_joined timestamp with time zone NOT NULL
);


ALTER TABLE public.user_user OWNER TO sip;

--
-- Name: user_user_groups; Type: TABLE; Schema: public; Owner: sip
--

CREATE TABLE public.user_user_groups (
    id integer NOT NULL,
    user_id integer NOT NULL,
    group_id integer NOT NULL
);


ALTER TABLE public.user_user_groups OWNER TO sip;

--
-- Name: user_user_groups_id_seq; Type: SEQUENCE; Schema: public; Owner: sip
--

CREATE SEQUENCE public.user_user_groups_id_seq
    AS integer
    START WITH 1
    INCREMENT BY 1
    NO MINVALUE
    NO MAXVALUE
    CACHE 1;


ALTER TABLE public.user_user_groups_id_seq OWNER TO sip;

--
-- Name: user_user_groups_id_seq; Type: SEQUENCE OWNED BY; Schema: public; Owner: sip
--

ALTER SEQUENCE public.user_user_groups_id_seq OWNED BY public.user_user_groups.id;


--
-- Name: user_user_id_seq; Type: SEQUENCE; Schema: public; Owner: sip
--

CREATE SEQUENCE public.user_user_id_seq
    AS integer
    START WITH 1
    INCREMENT BY 1
    NO MINVALUE
    NO MAXVALUE
    CACHE 1;


ALTER TABLE public.user_user_id_seq OWNER TO sip;

--
-- Name: user_user_id_seq; Type: SEQUENCE OWNED BY; Schema: public; Owner: sip
--

ALTER SEQUENCE public.user_user_id_seq OWNED BY public.user_user.id;


--
-- Name: user_user_user_permissions; Type: TABLE; Schema: public; Owner: sip
--

CREATE TABLE public.user_user_user_permissions (
    id integer NOT NULL,
    user_id integer NOT NULL,
    permission_id integer NOT NULL
);


ALTER TABLE public.user_user_user_permissions OWNER TO sip;

--
-- Name: user_user_user_permissions_id_seq; Type: SEQUENCE; Schema: public; Owner: sip
--

CREATE SEQUENCE public.user_user_user_permissions_id_seq
    AS integer
    START WITH 1
    INCREMENT BY 1
    NO MINVALUE
    NO MAXVALUE
    CACHE 1;


ALTER TABLE public.user_user_user_permissions_id_seq OWNER TO sip;

--
-- Name: user_user_user_permissions_id_seq; Type: SEQUENCE OWNED BY; Schema: public; Owner: sip
--

ALTER SEQUENCE public.user_user_user_permissions_id_seq OWNED BY public.user_user_user_permissions.id;


--
-- Name: aoi_aoi id; Type: DEFAULT; Schema: public; Owner: sip
--

ALTER TABLE ONLY public.aoi_aoi ALTER COLUMN id SET DEFAULT nextval('public.aoi_aoi_id_seq'::regclass);


--
-- Name: aoi_aoitype id; Type: DEFAULT; Schema: public; Owner: sip
--

ALTER TABLE ONLY public.aoi_aoitype ALTER COLUMN id SET DEFAULT nextval('public.aoi_aoitype_id_seq'::regclass);


--
-- Name: aoi_jupyternotebook id; Type: DEFAULT; Schema: public; Owner: sip
--

ALTER TABLE ONLY public.aoi_jupyternotebook ALTER COLUMN id SET DEFAULT nextval('public.aoi_jupyternotebook_id_seq'::regclass);


--
-- Name: aoi_request id; Type: DEFAULT; Schema: public; Owner: sip
--

ALTER TABLE ONLY public.aoi_request ALTER COLUMN id SET DEFAULT nextval('public.aoi_request_id_seq'::regclass);


--
-- Name: auth_group id; Type: DEFAULT; Schema: public; Owner: sip
--

ALTER TABLE ONLY public.auth_group ALTER COLUMN id SET DEFAULT nextval('public.auth_group_id_seq'::regclass);


--
-- Name: auth_group_permissions id; Type: DEFAULT; Schema: public; Owner: sip
--

ALTER TABLE ONLY public.auth_group_permissions ALTER COLUMN id SET DEFAULT nextval('public.auth_group_permissions_id_seq'::regclass);


--
-- Name: auth_permission id; Type: DEFAULT; Schema: public; Owner: sip
--

ALTER TABLE ONLY public.auth_permission ALTER COLUMN id SET DEFAULT nextval('public.auth_permission_id_seq'::regclass);


--
-- Name: django_admin_log id; Type: DEFAULT; Schema: public; Owner: sip
--

ALTER TABLE ONLY public.django_admin_log ALTER COLUMN id SET DEFAULT nextval('public.django_admin_log_id_seq'::regclass);


--
-- Name: django_content_type id; Type: DEFAULT; Schema: public; Owner: sip
--

ALTER TABLE ONLY public.django_content_type ALTER COLUMN id SET DEFAULT nextval('public.django_content_type_id_seq'::regclass);


--
-- Name: django_migrations id; Type: DEFAULT; Schema: public; Owner: sip
--

ALTER TABLE ONLY public.django_migrations ALTER COLUMN id SET DEFAULT nextval('public.django_migrations_id_seq'::regclass);


--
-- Name: django_site id; Type: DEFAULT; Schema: public; Owner: sip
--

ALTER TABLE ONLY public.django_site ALTER COLUMN id SET DEFAULT nextval('public.django_site_id_seq'::regclass);


--
-- Name: publisher_acl id; Type: DEFAULT; Schema: public; Owner: sip
--

ALTER TABLE ONLY public.publisher_acl ALTER COLUMN id SET DEFAULT nextval('public.publisher_acl_id_seq'::regclass);


--
-- Name: publisher_result id; Type: DEFAULT; Schema: public; Owner: sip
--

ALTER TABLE ONLY public.publisher_result ALTER COLUMN id SET DEFAULT nextval('public.publisher_result_id_seq'::regclass);


--
-- Name: user_user id; Type: DEFAULT; Schema: public; Owner: sip
--

ALTER TABLE ONLY public.user_user ALTER COLUMN id SET DEFAULT nextval('public.user_user_id_seq'::regclass);


--
-- Name: user_user_groups id; Type: DEFAULT; Schema: public; Owner: sip
--

ALTER TABLE ONLY public.user_user_groups ALTER COLUMN id SET DEFAULT nextval('public.user_user_groups_id_seq'::regclass);


--
-- Name: user_user_user_permissions id; Type: DEFAULT; Schema: public; Owner: sip
--

ALTER TABLE ONLY public.user_user_user_permissions ALTER COLUMN id SET DEFAULT nextval('public.user_user_user_permissions_id_seq'::regclass);


--
-- Data for Name: aoi_aoi; Type: TABLE DATA; Schema: public; Owner: sip
--

COPY public.aoi_aoi (id, name, polygon, createdat, user_id, type_id) FROM stdin;
1	test AOI 1	0103000020E6100000010000000A000000000000E03C2B42401C4205E84A07494000000060FC274240FEDC03992807494000000060A227424051CE9070C805494000000090262842406B5C887E8104494000000080612A4240651E4883E203494000000000482D42408D0670CEFB034940FFFFFFCF582E424042DC7A7458054940000000E0DF2D4240390E400EBE06494000000040F92C424007504EEF53074940000000E03C2B42401C4205E84A074940	2021-01-19 08:05:10.911355+00	2	1
3	test AOI 2	0103000020E6100000010000000A00000000000040722C4240A4A80862E5D2484000000000B11E42404CC57E1EE0D0484000000080621A4240EE886E5812C9484000000080D81C424098F7EAE966C04840000000C0802542407536B0B049C04840000000C03C2D4240956698BA99C148400000000004354240888FB33823C54840000000C0BA3642404DCD657B78C94840000000C009334240A54D643098CF484000000040722C4240A4A80862E5D24840	2021-01-19 08:40:55.530592+00	2	1
4	test AOI 3	0103000020E610000001000000080000000000004094A14140748B3DEAC80C494000000040139B41400249E498AB0A4940000000005797414055CEB8E041074940000000C0569B4140A6EEF00964034940FFFFFFBF5EA24140AF70CA44EA04494000000000B3A441407C156B50950849400000000059A441403D384AA8100B49400000004094A14140748B3DEAC80C4940	2021-01-19 08:41:35.322398+00	2	1
5	test AOI 4	0103000020E6100000010000000A00000004EBF4DBC28A424011B97BC173A34840BFF2F4DB1A7E4240C255C4FD26A848401EF8F4DB237542408207202FE9A34840B7F7F4DBD775424065F2D48CF09648405BF4F4DB4A7B4240A025DBBCD8904840BAEEF4DB22854240081C042AED8F48409DE0F4DB839C424037A2982EF6904840DADCF4DBAAA24240FB9BB8083A9248400DDDF4DB50A24240038DB49FBF9E484004EBF4DBC28A424011B97BC173A34840	2021-02-03 13:52:02.484241+00	2	1
2	Kamiana Yaruha	0103000020E610000001000000050000001651137D3E3E42403D0CAD4ECEF448403198BF42E64E424076AA7CCF480049404A404CC2855C4240BA6B09F9A0FD484058C7F143A5534240F3936A9F8EED48401651137D3E3E42403D0CAD4ECEF44840	2021-08-02 11:58:09.331633+00	2	1
\.


--
-- Data for Name: aoi_aoitype; Type: TABLE DATA; Schema: public; Owner: sip
--

COPY public.aoi_aoitype (id, name, description) FROM stdin;
1	user_defined	Area of interest defined by user.
2	field_boundaries	Area of interest created by user request using field boundaries
\.


--
-- Data for Name: aoi_jupyternotebook; Type: TABLE DATA; Schema: public; Owner: sip
--

COPY public.aoi_jupyternotebook (id, name, image, path, kernel_name, options, run_validation, success) FROM stdin;
1	TCI_NDVI	prod_sip_jupyter-tci_ndvi:latest	work/notebooks/example/tci_ndvi/TCI_NDVI.ipynb	python37	\N	f	f
2	Plot Boundaries	prod_pbdnn_nvidia_jupyter:latest	work/notebooks/pbdnn/sip_plot_boundary_detection_nn/PBDNN_inference.ipynb	python3	\N	f	f
\.


--
-- Data for Name: aoi_request; Type: TABLE DATA; Schema: public; Owner: sip
--

COPY public.aoi_request (id, date_from, date_to, started_at, finished_at, error, aoi_id, notebook_id, user_id, success, polygon, calculated) FROM stdin;
1	2020-07-01	2020-08-01	\N	\N	\N	2	1	2	f	0103000020E610000001000000050000001651137D3E3E42403D0CAD4ECEF448403198BF42E64E424076AA7CCF480049404A404CC2855C4240BA6B09F9A0FD484058C7F143A5534240F3936A9F8EED48401651137D3E3E42403D0CAD4ECEF44840	f
\.


--
-- Data for Name: auth_group; Type: TABLE DATA; Schema: public; Owner: sip
--

COPY public.auth_group (id, name) FROM stdin;
1	Data_science_engineer
2	Client
\.


--
-- Data for Name: auth_group_permissions; Type: TABLE DATA; Schema: public; Owner: sip
--

COPY public.auth_group_permissions (id, group_id, permission_id) FROM stdin;
1	1	33
2	1	34
3	1	35
4	1	36
5	1	38
6	1	40
7	1	41
8	2	33
9	2	34
10	2	35
11	2	36
12	2	40
13	1	39
14	1	45
15	1	44
16	1	42
17	1	43
18	2	45
19	2	54
20	2	57
21	1	54
22	1	57
23	2	60
24	1	60
\.


--
-- Data for Name: auth_permission; Type: TABLE DATA; Schema: public; Owner: sip
--

COPY public.auth_permission (id, name, content_type_id, codename) FROM stdin;
1	Can add log entry	1	add_logentry
2	Can change log entry	1	change_logentry
3	Can delete log entry	1	delete_logentry
4	Can view log entry	1	view_logentry
5	Can add permission	2	add_permission
6	Can change permission	2	change_permission
7	Can delete permission	2	delete_permission
8	Can view permission	2	view_permission
9	Can add group	3	add_group
10	Can change group	3	change_group
11	Can delete group	3	delete_group
12	Can view group	3	view_group
13	Can add content type	4	add_contenttype
14	Can change content type	4	change_contenttype
15	Can delete content type	4	delete_contenttype
16	Can view content type	4	view_contenttype
17	Can add session	5	add_session
18	Can change session	5	change_session
19	Can delete session	5	delete_session
20	Can view session	5	view_session
21	Can add site	6	add_site
22	Can change site	6	change_site
23	Can delete site	6	delete_site
24	Can view site	6	view_site
25	Can add user	7	add_user
26	Can change user	7	change_user
27	Can delete user	7	delete_user
28	Can view user	7	view_user
29	Can add Token	8	add_token
30	Can change Token	8	change_token
31	Can delete Token	8	delete_token
32	Can view Token	8	view_token
33	Can add Area of interest	9	add_aoi
34	Can change Area of interest	9	change_aoi
35	Can delete Area of interest	9	delete_aoi
36	Can view Area of interest	9	view_aoi
37	Can add result	10	add_result
38	Can change result	10	change_result
39	Can delete result	10	delete_result
40	Can view result	10	view_result
41	Can view unreleased result	10	view_unreleased_result
42	Can add JupyterNotebook	11	add_jupyternotebook
43	Can change JupyterNotebook	11	change_jupyternotebook
44	Can delete JupyterNotebook	11	delete_jupyternotebook
45	Can view JupyterNotebook	11	view_jupyternotebook
46	Can add token	12	add_tokenproxy
47	Can change token	12	change_tokenproxy
48	Can delete token	12	delete_tokenproxy
49	Can view token	12	view_tokenproxy
50	Can add Access Control List	13	add_acl
51	Can change Access Control List	13	change_acl
52	Can delete Access Control List	13	delete_acl
53	Can view Access Control List	13	view_acl
54	Can add Request	14	add_request
55	Can change Request	14	change_request
56	Can delete Request	14	delete_request
57	Can view Request	14	view_request
58	Can add Request for another user	14	add_another_user_request
59	Can add Aoi for another user	9	add_another_user_aoi
60	Can view AoiType	15	view_aoitype
61	Can add AoiType	15	add_aoitype
62	Can change AoiType	15	change_aoitype
63	Can delete AoiType	15	delete_aoitype
\.


--
-- Data for Name: authtoken_token; Type: TABLE DATA; Schema: public; Owner: sip
--

COPY public.authtoken_token (key, created, user_id) FROM stdin;
7306f5c8456efc18f9a15c5c3bf8ba2659efb813	2020-10-25 12:59:59.817251+00	1
507928511085e6684cfa105c74339d46fc097ad0	2020-10-25 13:48:27.11431+00	2
\.


--
-- Data for Name: django_admin_log; Type: TABLE DATA; Schema: public; Owner: sip
--

COPY public.django_admin_log (id, action_time, object_id, object_repr, action_flag, change_message, content_type_id, user_id) FROM stdin;
1	2020-10-25 13:47:22.900961+00	2	test	1	[{"added": {}}]	7	1
2	2021-02-03 13:50:28.734475+00	2	clearcut/ClearCut-2020-12-02.geojson	3		10	1
3	2021-02-03 13:50:28.736134+00	3	example/0fc45b4d-8bd1-47eb-af81-6a88ff378630_Green_2020-07-20.geojson	3		10	1
4	2021-02-03 13:50:28.737181+00	4	example/b53895d8-bcc9-4536-b732-c69676fc15c6_PSRI_2020-06-12.geojson	3		10	1
5	2021-02-03 13:50:28.738685+00	1	ex_3/red_corn.geojson	3		10	1
6	2021-02-03 13:50:28.740264+00	5	ex_2/Portugal_features.geojson	3		10	1
7	2021-02-03 13:52:02.547137+00	5	test AOI 4	1	[{"added": {}}]	9	1
8	2021-02-03 13:55:31.793734+00	6	Request object (6)	1	[{"added": {}}]	14	1
\.


--
-- Data for Name: django_content_type; Type: TABLE DATA; Schema: public; Owner: sip
--

COPY public.django_content_type (id, app_label, model) FROM stdin;
1	admin	logentry
2	auth	permission
3	auth	group
4	contenttypes	contenttype
5	sessions	session
6	sites	site
7	user	user
8	authtoken	token
9	aoi	aoi
10	publisher	result
11	aoi	jupyternotebook
12	authtoken	tokenproxy
13	publisher	acl
14	aoi	request
15	aoi	aoitype
\.


--
-- Data for Name: django_migrations; Type: TABLE DATA; Schema: public; Owner: sip
--

COPY public.django_migrations (id, app, name, applied) FROM stdin;
1	contenttypes	0001_initial	2020-10-25 11:24:45.834099+00
2	contenttypes	0002_remove_content_type_name	2020-10-25 11:24:45.846711+00
3	auth	0001_initial	2020-10-25 11:24:45.877379+00
4	auth	0002_alter_permission_name_max_length	2020-10-25 11:24:45.92769+00
5	auth	0003_alter_user_email_max_length	2020-10-25 11:24:45.937901+00
6	auth	0004_alter_user_username_opts	2020-10-25 11:24:45.948037+00
7	auth	0005_alter_user_last_login_null	2020-10-25 11:24:45.957017+00
8	auth	0006_require_contenttypes_0002	2020-10-25 11:24:45.961678+00
9	auth	0007_alter_validators_add_error_messages	2020-10-25 11:24:45.971494+00
10	auth	0008_alter_user_username_max_length	2020-10-25 11:24:45.981443+00
11	auth	0009_alter_user_last_name_max_length	2020-10-25 11:24:45.990466+00
12	auth	0010_alter_group_name_max_length	2020-10-25 11:24:45.999969+00
13	auth	0011_update_proxy_permissions	2020-10-25 11:24:46.011097+00
14	user	0001_initial	2020-10-25 11:24:46.055029+00
15	admin	0001_initial	2020-10-25 11:24:46.135021+00
16	admin	0002_logentry_remove_auto_add	2020-10-25 11:24:46.160894+00
17	admin	0003_logentry_add_action_flag_choices	2020-10-25 11:24:46.175482+00
18	sessions	0001_initial	2020-10-25 11:24:46.18568+00
19	sites	0001_initial	2020-10-25 11:24:46.213627+00
20	sites	0002_alter_domain_unique	2020-10-25 11:24:46.223381+00
21	authtoken	0001_initial	2020-10-25 12:59:06.510501+00
22	authtoken	0002_auto_20160226_1747	2020-10-25 12:59:06.566405+00
23	aoi	0001_initial	2021-01-11 11:13:56.628677+00
24	aoi	0002_jupyternotebook	2021-01-11 11:13:56.644341+00
25	auth	0012_alter_user_first_name_max_length	2021-01-11 11:13:56.703441+00
26	authtoken	0003_tokenproxy	2021-01-11 11:13:56.708096+00
27	publisher	0001_initial	2021-01-11 11:13:56.719032+00
28	publisher	0002_auto_20201105_1843	2021-01-11 11:13:56.741081+00
29	publisher	0003_auto_20201106_1419	2021-01-11 11:13:56.754336+00
30	publisher	0004_result_to_be_deleted	2021-01-11 11:13:56.761231+00
31	publisher	0005_aoi	2021-01-11 11:13:56.771481+00
32	publisher	0006_auto_20201130_1455	2021-01-11 11:13:56.780756+00
33	publisher	0007_delete_aoi	2021-01-11 11:13:56.785527+00
34	publisher	0008_auto_20201207_1647	2021-01-11 11:13:56.794875+00
35	publisher	0009_acl	2021-01-11 11:13:56.814937+00
36	user	0002_auto_20201105_1840	2021-01-11 11:13:56.828451+00
37	user	0003_add_groups_for_ds_engineer	2021-01-11 11:13:56.900066+00
38	user	0004_add_client_group_update_ds_engineer_group	2021-01-11 11:13:56.966563+00
39	user	0005_add_notebook_perms_to_ds_engineer_group	2021-01-11 11:13:57.021647+00
40	user	0006_add_notebook_perms_to_client_group	2021-01-11 11:13:57.046828+00
41	aoi	0003_request	2021-01-19 07:23:46.38725+00
42	aoi	0003_aoi_user_id	2021-01-19 07:23:46.441976+00
43	aoi	0004_merge_20210115_1546	2021-01-19 07:23:46.44828+00
44	publisher	0010_auto_20210113_0950	2021-01-19 07:23:46.459426+00
45	publisher	0011_result_request_id	2021-01-19 07:23:46.465664+00
46	publisher	0012_auto_20210114_1628	2021-01-19 07:23:46.527083+00
47	user	0007_add_request_perms	2021-01-19 07:23:46.589883+00
48	user	0007_add_new_perm_to_aoi	2021-01-19 07:23:46.611536+00
49	user	0008_merge_20210115_1546	2021-01-19 07:23:46.61385+00
50	aoi	0005_rename_notebook_path	2021-01-26 14:16:05.832714+00
51	aoi	0006_rename_aoi_user_id	2021-01-26 14:16:05.859154+00
52	aoi	0007_rename_request_foreign_keys	2021-01-26 14:16:05.921795+00
53	aoi	0008_change_verbose_name	2021-01-26 14:16:06.014238+00
54	publisher	0013_rename_result_foreign_key	2021-01-26 14:16:06.028382+00
55	publisher	0014_rename_acl_key	2021-01-26 14:16:06.041035+00
56	publisher	0015_acl_change_ordering	2021-01-26 14:16:06.053774+00
57	publisher	0016_change_verbose_name	2021-01-26 14:16:06.071253+00
58	aoi	0009_add_success_flag	2021-01-27 15:23:24.470063+00
59	aoi	0010_jupyternotebook_options	2021-02-25 13:19:20.786041+00
60	aoi	0011_request_add_polygon	2021-02-25 13:19:20.882817+00
61	aoi	0012_request_calculated	2021-03-12 18:52:18.574555+00
62	aoi	0013_request_add_run_validation_success	2021-03-12 18:52:18.592958+00
63	publisher	0017_result_styles_url	2021-03-12 18:52:18.60385+00
64	aoi	0014_aoi_type	2021-07-30 16:05:46.562206+00
65	aoi	0015_add_aoi_types	2021-07-30 16:05:46.576419+00
66	aoi	0016_aoi_type	2021-07-30 16:05:46.61491+00
67	aoi	0017_request_update_error_to_text_field	2021-07-30 16:05:46.639592+00
68	publisher	0018_result_labels	2021-07-30 16:05:46.654369+00
69	user	0009_add_aoi_type_perms	2021-07-30 16:05:46.752746+00
\.


--
-- Data for Name: django_session; Type: TABLE DATA; Schema: public; Owner: sip
--

COPY public.django_session (session_key, session_data, expire_date) FROM stdin;
liaaz5iadshsfupcag98bb7g0zh5boc8	OTQwZmUyNGE5YTc3ZWE0MDA4ZDA1NWMzMmVjODcwMTNhMTkyNGM5ODp7Il9hdXRoX3VzZXJfaWQiOiIxIiwiX2F1dGhfdXNlcl9iYWNrZW5kIjoiZGphbmdvLmNvbnRyaWIuYXV0aC5iYWNrZW5kcy5Nb2RlbEJhY2tlbmQiLCJfYXV0aF91c2VyX2hhc2giOiJjZDg0NTRjYjRiODM0NjU4MzM0OTM1NDI4YWZlNTNhNzE4YzU1MDMwIn0=	2020-10-25 21:01:18.127338+00
p4g6f6qrct3pmb1dbmd1qgd4l755fzy5	OTQwZmUyNGE5YTc3ZWE0MDA4ZDA1NWMzMmVjODcwMTNhMTkyNGM5ODp7Il9hdXRoX3VzZXJfaWQiOiIxIiwiX2F1dGhfdXNlcl9iYWNrZW5kIjoiZGphbmdvLmNvbnRyaWIuYXV0aC5iYWNrZW5kcy5Nb2RlbEJhY2tlbmQiLCJfYXV0aF91c2VyX2hhc2giOiJjZDg0NTRjYjRiODM0NjU4MzM0OTM1NDI4YWZlNTNhNzE4YzU1MDMwIn0=	2020-10-25 21:01:25.553149+00
49gudpyonutj57lml4ssxcic0vcpa6x7	NWJkMWU0YTRiYjI5YmY4ZTY2MWJhMGYxOTZkNjEwOThkNjc2ZjBmZTp7Il9hdXRoX3VzZXJfaWQiOiIyIiwiX2F1dGhfdXNlcl9iYWNrZW5kIjoiZGphbmdvLmNvbnRyaWIuYXV0aC5iYWNrZW5kcy5Nb2RlbEJhY2tlbmQiLCJfYXV0aF91c2VyX2hhc2giOiJmZDUyNzllYjIwMzAzMDFkMDk2Yjc4ODQ4YTM3ZjBjNjhmMjM3ZjE1In0=	2020-10-25 21:48:27.125341+00
xxpxw53jxwsthdpazstu89lr4wjoczqq	NWJkMWU0YTRiYjI5YmY4ZTY2MWJhMGYxOTZkNjEwOThkNjc2ZjBmZTp7Il9hdXRoX3VzZXJfaWQiOiIyIiwiX2F1dGhfdXNlcl9iYWNrZW5kIjoiZGphbmdvLmNvbnRyaWIuYXV0aC5iYWNrZW5kcy5Nb2RlbEJhY2tlbmQiLCJfYXV0aF91c2VyX2hhc2giOiJmZDUyNzllYjIwMzAzMDFkMDk2Yjc4ODQ4YTM3ZjBjNjhmMjM3ZjE1In0=	2020-10-25 21:48:59.820422+00
f0n2qtfj93b6un4mbl6f1d4r76p1h436	.eJxVjMEOwiAQRP-FsyEILEWP3vsNZBcWqRpISnsy_rtt0oMeZ96beYuA61LC2nkOUxJXcRan344wPrnuID2w3puMrS7zRHJX5EG7HFvi1-1w_w4K9rKtnWdQEZ3yxOQVgL4oZTNHD84ZC-ish-QhZ50ZM5ktxJhA60GlgYz4fAHW9Dfd:1l7IXc:vIJvbWkUcACcV0VPSa9lClNkoLeVTd00EZglb0-NKJQ	2021-02-03 21:49:56.302818+00
53v3jubywtmx9bqid5nprmy2bsu13lag	.eJxVjMEOwiAQRP-FsyEILEWP3vsNZBcWqRpISnsy_rtt0oMeZ96beYuA61LC2nkOUxJXcRan344wPrnuID2w3puMrS7zRHJX5EG7HFvi1-1w_w4K9rKtnWdQEZ3yxOQVgL4oZTNHD84ZC-ish-QhZ50ZM5ktxJhA60GlgYz4fAHW9Dfd:1lKmth:3lDgfMZqbMMyQpb2d1__a_aMBSqME9XRl62vWV3CeaM	2021-03-13 02:52:29.935898+00
\.


--
-- Data for Name: django_site; Type: TABLE DATA; Schema: public; Owner: sip
--

COPY public.django_site (id, domain, name) FROM stdin;
1	example.com	example.com
\.


--
-- Data for Name: publisher_acl; Type: TABLE DATA; Schema: public; Owner: sip
--

COPY public.publisher_acl (id, restrict_projects_to, user_id) FROM stdin;
\.


--
-- Data for Name: publisher_result; Type: TABLE DATA; Schema: public; Owner: sip
--

COPY public.publisher_result (id, filepath, modifiedat, layer_type, bounding_polygon, rel_url, options, description, released, start_date, end_date, name, to_be_deleted, request_id, styles_url, labels) FROM stdin;
\.


--
-- Data for Name: spatial_ref_sys; Type: TABLE DATA; Schema: public; Owner: sip
--

COPY public.spatial_ref_sys (srid, auth_name, auth_srid, srtext, proj4text) FROM stdin;
\.


--
-- Data for Name: user_user; Type: TABLE DATA; Schema: public; Owner: sip
--

COPY public.user_user (id, password, last_login, is_superuser, username, first_name, last_name, email, is_staff, is_active, date_joined) FROM stdin;
2	pbkdf2_sha256$150000$xBdzPJKdgbvQ$Zn4LMX9EZXgDfQC/7QUUHmslVB8Dwb1PXe0xLn0eus4=	2020-10-25 13:48:59.815632+00	f	test				f	t	2020-10-25 13:47:22.734006+00
1	pbkdf2_sha256$216000$5lxslJOZ99ef$j1TFWeW904OT0VDlEeYhfIRfXWothXtZHHnuwAb+hOg=	2021-03-12 18:52:29.934073+00	t	admin			admin@localhost	t	t	2020-10-25 11:54:51.550807+00
\.


--
-- Data for Name: user_user_groups; Type: TABLE DATA; Schema: public; Owner: sip
--

COPY public.user_user_groups (id, user_id, group_id) FROM stdin;
1	1	1
2	2	2
\.


--
-- Data for Name: user_user_user_permissions; Type: TABLE DATA; Schema: public; Owner: sip
--

COPY public.user_user_user_permissions (id, user_id, permission_id) FROM stdin;
\.


--
-- Data for Name: geocode_settings; Type: TABLE DATA; Schema: tiger; Owner: sip
--

COPY tiger.geocode_settings (name, setting, unit, category, short_desc) FROM stdin;
\.


--
-- Data for Name: pagc_gaz; Type: TABLE DATA; Schema: tiger; Owner: sip
--

COPY tiger.pagc_gaz (id, seq, word, stdword, token, is_custom) FROM stdin;
\.


--
-- Data for Name: pagc_lex; Type: TABLE DATA; Schema: tiger; Owner: sip
--

COPY tiger.pagc_lex (id, seq, word, stdword, token, is_custom) FROM stdin;
\.


--
-- Data for Name: pagc_rules; Type: TABLE DATA; Schema: tiger; Owner: sip
--

COPY tiger.pagc_rules (id, rule, is_custom) FROM stdin;
\.


--
-- Data for Name: topology; Type: TABLE DATA; Schema: topology; Owner: sip
--

COPY topology.topology (id, name, srid, "precision", hasz) FROM stdin;
\.


--
-- Data for Name: layer; Type: TABLE DATA; Schema: topology; Owner: sip
--

COPY topology.layer (topology_id, layer_id, schema_name, table_name, feature_column, feature_type, level, child_id) FROM stdin;
\.


--
-- Name: aoi_aoi_id_seq; Type: SEQUENCE SET; Schema: public; Owner: sip
--

SELECT pg_catalog.setval('public.aoi_aoi_id_seq', 5, true);


--
-- Name: aoi_aoitype_id_seq; Type: SEQUENCE SET; Schema: public; Owner: sip
--

SELECT pg_catalog.setval('public.aoi_aoitype_id_seq', 2, true);


--
-- Name: aoi_jupyternotebook_id_seq; Type: SEQUENCE SET; Schema: public; Owner: sip
--

SELECT pg_catalog.setval('public.aoi_jupyternotebook_id_seq', 8, true);


--
-- Name: aoi_request_id_seq; Type: SEQUENCE SET; Schema: public; Owner: sip
--

SELECT pg_catalog.setval('public.aoi_request_id_seq', 9, true);


--
-- Name: auth_group_id_seq; Type: SEQUENCE SET; Schema: public; Owner: sip
--

SELECT pg_catalog.setval('public.auth_group_id_seq', 2, true);


--
-- Name: auth_group_permissions_id_seq; Type: SEQUENCE SET; Schema: public; Owner: sip
--

SELECT pg_catalog.setval('public.auth_group_permissions_id_seq', 24, true);


--
-- Name: auth_permission_id_seq; Type: SEQUENCE SET; Schema: public; Owner: sip
--

SELECT pg_catalog.setval('public.auth_permission_id_seq', 63, true);


--
-- Name: django_admin_log_id_seq; Type: SEQUENCE SET; Schema: public; Owner: sip
--

SELECT pg_catalog.setval('public.django_admin_log_id_seq', 8, true);


--
-- Name: django_content_type_id_seq; Type: SEQUENCE SET; Schema: public; Owner: sip
--

SELECT pg_catalog.setval('public.django_content_type_id_seq', 15, true);


--
-- Name: django_migrations_id_seq; Type: SEQUENCE SET; Schema: public; Owner: sip
--

SELECT pg_catalog.setval('public.django_migrations_id_seq', 69, true);


--
-- Name: django_site_id_seq; Type: SEQUENCE SET; Schema: public; Owner: sip
--

SELECT pg_catalog.setval('public.django_site_id_seq', 1, true);


--
-- Name: publisher_acl_id_seq; Type: SEQUENCE SET; Schema: public; Owner: sip
--

SELECT pg_catalog.setval('public.publisher_acl_id_seq', 1, false);


--
-- Name: publisher_result_id_seq; Type: SEQUENCE SET; Schema: public; Owner: sip
--

SELECT pg_catalog.setval('public.publisher_result_id_seq', 5, true);


--
-- Name: user_user_groups_id_seq; Type: SEQUENCE SET; Schema: public; Owner: sip
--

SELECT pg_catalog.setval('public.user_user_groups_id_seq', 3, true);


--
-- Name: user_user_id_seq; Type: SEQUENCE SET; Schema: public; Owner: sip
--

SELECT pg_catalog.setval('public.user_user_id_seq', 2, true);


--
-- Name: user_user_user_permissions_id_seq; Type: SEQUENCE SET; Schema: public; Owner: sip
--

SELECT pg_catalog.setval('public.user_user_user_permissions_id_seq', 1, false);


--
-- Name: aoi_aoi aoi_aoi_name_key; Type: CONSTRAINT; Schema: public; Owner: sip
--

ALTER TABLE ONLY public.aoi_aoi
    ADD CONSTRAINT aoi_aoi_name_key UNIQUE (name);


--
-- Name: aoi_aoi aoi_aoi_pkey; Type: CONSTRAINT; Schema: public; Owner: sip
--

ALTER TABLE ONLY public.aoi_aoi
    ADD CONSTRAINT aoi_aoi_pkey PRIMARY KEY (id);


--
-- Name: aoi_aoitype aoi_aoitype_name_key; Type: CONSTRAINT; Schema: public; Owner: sip
--

ALTER TABLE ONLY public.aoi_aoitype
    ADD CONSTRAINT aoi_aoitype_name_key UNIQUE (name);


--
-- Name: aoi_aoitype aoi_aoitype_pkey; Type: CONSTRAINT; Schema: public; Owner: sip
--

ALTER TABLE ONLY public.aoi_aoitype
    ADD CONSTRAINT aoi_aoitype_pkey PRIMARY KEY (id);


--
-- Name: aoi_jupyternotebook aoi_jupyternotebook_name_key; Type: CONSTRAINT; Schema: public; Owner: sip
--

ALTER TABLE ONLY public.aoi_jupyternotebook
    ADD CONSTRAINT aoi_jupyternotebook_name_key UNIQUE (name);


--
-- Name: aoi_jupyternotebook aoi_jupyternotebook_path_to_a_notebook_key; Type: CONSTRAINT; Schema: public; Owner: sip
--

ALTER TABLE ONLY public.aoi_jupyternotebook
    ADD CONSTRAINT aoi_jupyternotebook_path_to_a_notebook_key UNIQUE (path);


--
-- Name: aoi_jupyternotebook aoi_jupyternotebook_pkey; Type: CONSTRAINT; Schema: public; Owner: sip
--

ALTER TABLE ONLY public.aoi_jupyternotebook
    ADD CONSTRAINT aoi_jupyternotebook_pkey PRIMARY KEY (id);


--
-- Name: aoi_request aoi_request_pkey; Type: CONSTRAINT; Schema: public; Owner: sip
--

ALTER TABLE ONLY public.aoi_request
    ADD CONSTRAINT aoi_request_pkey PRIMARY KEY (id);


--
-- Name: auth_group auth_group_name_key; Type: CONSTRAINT; Schema: public; Owner: sip
--

ALTER TABLE ONLY public.auth_group
    ADD CONSTRAINT auth_group_name_key UNIQUE (name);


--
-- Name: auth_group_permissions auth_group_permissions_group_id_permission_id_0cd325b0_uniq; Type: CONSTRAINT; Schema: public; Owner: sip
--

ALTER TABLE ONLY public.auth_group_permissions
    ADD CONSTRAINT auth_group_permissions_group_id_permission_id_0cd325b0_uniq UNIQUE (group_id, permission_id);


--
-- Name: auth_group_permissions auth_group_permissions_pkey; Type: CONSTRAINT; Schema: public; Owner: sip
--

ALTER TABLE ONLY public.auth_group_permissions
    ADD CONSTRAINT auth_group_permissions_pkey PRIMARY KEY (id);


--
-- Name: auth_group auth_group_pkey; Type: CONSTRAINT; Schema: public; Owner: sip
--

ALTER TABLE ONLY public.auth_group
    ADD CONSTRAINT auth_group_pkey PRIMARY KEY (id);


--
-- Name: auth_permission auth_permission_content_type_id_codename_01ab375a_uniq; Type: CONSTRAINT; Schema: public; Owner: sip
--

ALTER TABLE ONLY public.auth_permission
    ADD CONSTRAINT auth_permission_content_type_id_codename_01ab375a_uniq UNIQUE (content_type_id, codename);


--
-- Name: auth_permission auth_permission_pkey; Type: CONSTRAINT; Schema: public; Owner: sip
--

ALTER TABLE ONLY public.auth_permission
    ADD CONSTRAINT auth_permission_pkey PRIMARY KEY (id);


--
-- Name: authtoken_token authtoken_token_pkey; Type: CONSTRAINT; Schema: public; Owner: sip
--

ALTER TABLE ONLY public.authtoken_token
    ADD CONSTRAINT authtoken_token_pkey PRIMARY KEY (key);


--
-- Name: authtoken_token authtoken_token_user_id_key; Type: CONSTRAINT; Schema: public; Owner: sip
--

ALTER TABLE ONLY public.authtoken_token
    ADD CONSTRAINT authtoken_token_user_id_key UNIQUE (user_id);


--
-- Name: django_admin_log django_admin_log_pkey; Type: CONSTRAINT; Schema: public; Owner: sip
--

ALTER TABLE ONLY public.django_admin_log
    ADD CONSTRAINT django_admin_log_pkey PRIMARY KEY (id);


--
-- Name: django_content_type django_content_type_app_label_model_76bd3d3b_uniq; Type: CONSTRAINT; Schema: public; Owner: sip
--

ALTER TABLE ONLY public.django_content_type
    ADD CONSTRAINT django_content_type_app_label_model_76bd3d3b_uniq UNIQUE (app_label, model);


--
-- Name: django_content_type django_content_type_pkey; Type: CONSTRAINT; Schema: public; Owner: sip
--

ALTER TABLE ONLY public.django_content_type
    ADD CONSTRAINT django_content_type_pkey PRIMARY KEY (id);


--
-- Name: django_migrations django_migrations_pkey; Type: CONSTRAINT; Schema: public; Owner: sip
--

ALTER TABLE ONLY public.django_migrations
    ADD CONSTRAINT django_migrations_pkey PRIMARY KEY (id);


--
-- Name: django_session django_session_pkey; Type: CONSTRAINT; Schema: public; Owner: sip
--

ALTER TABLE ONLY public.django_session
    ADD CONSTRAINT django_session_pkey PRIMARY KEY (session_key);


--
-- Name: django_site django_site_domain_a2e37b91_uniq; Type: CONSTRAINT; Schema: public; Owner: sip
--

ALTER TABLE ONLY public.django_site
    ADD CONSTRAINT django_site_domain_a2e37b91_uniq UNIQUE (domain);


--
-- Name: django_site django_site_pkey; Type: CONSTRAINT; Schema: public; Owner: sip
--

ALTER TABLE ONLY public.django_site
    ADD CONSTRAINT django_site_pkey PRIMARY KEY (id);


--
-- Name: publisher_acl publisher_acl_pkey; Type: CONSTRAINT; Schema: public; Owner: sip
--

ALTER TABLE ONLY public.publisher_acl
    ADD CONSTRAINT publisher_acl_pkey PRIMARY KEY (id);


--
-- Name: publisher_acl publisher_acl_user_id_id_key; Type: CONSTRAINT; Schema: public; Owner: sip
--

ALTER TABLE ONLY public.publisher_acl
    ADD CONSTRAINT publisher_acl_user_id_id_key UNIQUE (user_id);


--
-- Name: publisher_result publisher_result_filepath_key; Type: CONSTRAINT; Schema: public; Owner: sip
--

ALTER TABLE ONLY public.publisher_result
    ADD CONSTRAINT publisher_result_filepath_key UNIQUE (filepath);


--
-- Name: publisher_result publisher_result_pkey; Type: CONSTRAINT; Schema: public; Owner: sip
--

ALTER TABLE ONLY public.publisher_result
    ADD CONSTRAINT publisher_result_pkey PRIMARY KEY (id);


--
-- Name: user_user_groups user_user_groups_pkey; Type: CONSTRAINT; Schema: public; Owner: sip
--

ALTER TABLE ONLY public.user_user_groups
    ADD CONSTRAINT user_user_groups_pkey PRIMARY KEY (id);


--
-- Name: user_user_groups user_user_groups_user_id_group_id_bb60391f_uniq; Type: CONSTRAINT; Schema: public; Owner: sip
--

ALTER TABLE ONLY public.user_user_groups
    ADD CONSTRAINT user_user_groups_user_id_group_id_bb60391f_uniq UNIQUE (user_id, group_id);


--
-- Name: user_user user_user_pkey; Type: CONSTRAINT; Schema: public; Owner: sip
--

ALTER TABLE ONLY public.user_user
    ADD CONSTRAINT user_user_pkey PRIMARY KEY (id);


--
-- Name: user_user_user_permissions user_user_user_permissions_pkey; Type: CONSTRAINT; Schema: public; Owner: sip
--

ALTER TABLE ONLY public.user_user_user_permissions
    ADD CONSTRAINT user_user_user_permissions_pkey PRIMARY KEY (id);


--
-- Name: user_user_user_permissions user_user_user_permissions_user_id_permission_id_64f4d5b8_uniq; Type: CONSTRAINT; Schema: public; Owner: sip
--

ALTER TABLE ONLY public.user_user_user_permissions
    ADD CONSTRAINT user_user_user_permissions_user_id_permission_id_64f4d5b8_uniq UNIQUE (user_id, permission_id);


--
-- Name: user_user user_user_username_key; Type: CONSTRAINT; Schema: public; Owner: sip
--

ALTER TABLE ONLY public.user_user
    ADD CONSTRAINT user_user_username_key UNIQUE (username);


--
-- Name: aoi_aoi_name_327f8309_like; Type: INDEX; Schema: public; Owner: sip
--

CREATE INDEX aoi_aoi_name_327f8309_like ON public.aoi_aoi USING btree (name varchar_pattern_ops);


--
-- Name: aoi_aoi_polygon_id; Type: INDEX; Schema: public; Owner: sip
--

CREATE INDEX aoi_aoi_polygon_id ON public.aoi_aoi USING gist (polygon);


--
-- Name: aoi_aoi_type_id_77c13c5e; Type: INDEX; Schema: public; Owner: sip
--

CREATE INDEX aoi_aoi_type_id_77c13c5e ON public.aoi_aoi USING btree (type_id);


--
-- Name: aoi_aoi_user_id_id_11e356b5; Type: INDEX; Schema: public; Owner: sip
--

CREATE INDEX aoi_aoi_user_id_id_11e356b5 ON public.aoi_aoi USING btree (user_id);


--
-- Name: aoi_aoitype_name_53bc0643_like; Type: INDEX; Schema: public; Owner: sip
--

CREATE INDEX aoi_aoitype_name_53bc0643_like ON public.aoi_aoitype USING btree (name varchar_pattern_ops);


--
-- Name: aoi_jupyternotebook_name_5ca4f926_like; Type: INDEX; Schema: public; Owner: sip
--

CREATE INDEX aoi_jupyternotebook_name_5ca4f926_like ON public.aoi_jupyternotebook USING btree (name varchar_pattern_ops);


--
-- Name: aoi_jupyternotebook_path_to_a_notebook_9e413ab7_like; Type: INDEX; Schema: public; Owner: sip
--

CREATE INDEX aoi_jupyternotebook_path_to_a_notebook_9e413ab7_like ON public.aoi_jupyternotebook USING btree (path varchar_pattern_ops);


--
-- Name: aoi_request_aoi_id_id_48f40c33; Type: INDEX; Schema: public; Owner: sip
--

CREATE INDEX aoi_request_aoi_id_id_48f40c33 ON public.aoi_request USING btree (aoi_id);


--
-- Name: aoi_request_jupyter_notebook_id_id_3d19e09e; Type: INDEX; Schema: public; Owner: sip
--

CREATE INDEX aoi_request_jupyter_notebook_id_id_3d19e09e ON public.aoi_request USING btree (notebook_id);


--
-- Name: aoi_request_polygon_id; Type: INDEX; Schema: public; Owner: sip
--

CREATE INDEX aoi_request_polygon_id ON public.aoi_request USING gist (polygon);


--
-- Name: aoi_request_user_id_id_b43c7e99; Type: INDEX; Schema: public; Owner: sip
--

CREATE INDEX aoi_request_user_id_id_b43c7e99 ON public.aoi_request USING btree (user_id);


--
-- Name: auth_group_name_a6ea08ec_like; Type: INDEX; Schema: public; Owner: sip
--

CREATE INDEX auth_group_name_a6ea08ec_like ON public.auth_group USING btree (name varchar_pattern_ops);


--
-- Name: auth_group_permissions_group_id_b120cbf9; Type: INDEX; Schema: public; Owner: sip
--

CREATE INDEX auth_group_permissions_group_id_b120cbf9 ON public.auth_group_permissions USING btree (group_id);


--
-- Name: auth_group_permissions_permission_id_84c5c92e; Type: INDEX; Schema: public; Owner: sip
--

CREATE INDEX auth_group_permissions_permission_id_84c5c92e ON public.auth_group_permissions USING btree (permission_id);


--
-- Name: auth_permission_content_type_id_2f476e4b; Type: INDEX; Schema: public; Owner: sip
--

CREATE INDEX auth_permission_content_type_id_2f476e4b ON public.auth_permission USING btree (content_type_id);


--
-- Name: authtoken_token_key_10f0b77e_like; Type: INDEX; Schema: public; Owner: sip
--

CREATE INDEX authtoken_token_key_10f0b77e_like ON public.authtoken_token USING btree (key varchar_pattern_ops);


--
-- Name: django_admin_log_content_type_id_c4bce8eb; Type: INDEX; Schema: public; Owner: sip
--

CREATE INDEX django_admin_log_content_type_id_c4bce8eb ON public.django_admin_log USING btree (content_type_id);


--
-- Name: django_admin_log_user_id_c564eba6; Type: INDEX; Schema: public; Owner: sip
--

CREATE INDEX django_admin_log_user_id_c564eba6 ON public.django_admin_log USING btree (user_id);


--
-- Name: django_session_expire_date_a5c62663; Type: INDEX; Schema: public; Owner: sip
--

CREATE INDEX django_session_expire_date_a5c62663 ON public.django_session USING btree (expire_date);


--
-- Name: django_session_session_key_c0390e0f_like; Type: INDEX; Schema: public; Owner: sip
--

CREATE INDEX django_session_session_key_c0390e0f_like ON public.django_session USING btree (session_key varchar_pattern_ops);


--
-- Name: django_site_domain_a2e37b91_like; Type: INDEX; Schema: public; Owner: sip
--

CREATE INDEX django_site_domain_a2e37b91_like ON public.django_site USING btree (domain varchar_pattern_ops);


--
-- Name: publisher_result_filepath_4afb94f5_like; Type: INDEX; Schema: public; Owner: sip
--

CREATE INDEX publisher_result_filepath_4afb94f5_like ON public.publisher_result USING btree (filepath varchar_pattern_ops);


--
-- Name: publisher_result_polygon_id; Type: INDEX; Schema: public; Owner: sip
--

CREATE INDEX publisher_result_polygon_id ON public.publisher_result USING gist (bounding_polygon);


--
-- Name: publisher_result_request_id_id_c342f397; Type: INDEX; Schema: public; Owner: sip
--

CREATE INDEX publisher_result_request_id_id_c342f397 ON public.publisher_result USING btree (request_id);


--
-- Name: user_user_groups_group_id_c57f13c0; Type: INDEX; Schema: public; Owner: sip
--

CREATE INDEX user_user_groups_group_id_c57f13c0 ON public.user_user_groups USING btree (group_id);


--
-- Name: user_user_groups_user_id_13f9a20d; Type: INDEX; Schema: public; Owner: sip
--

CREATE INDEX user_user_groups_user_id_13f9a20d ON public.user_user_groups USING btree (user_id);


--
-- Name: user_user_user_permissions_permission_id_ce49d4de; Type: INDEX; Schema: public; Owner: sip
--

CREATE INDEX user_user_user_permissions_permission_id_ce49d4de ON public.user_user_user_permissions USING btree (permission_id);


--
-- Name: user_user_user_permissions_user_id_31782f58; Type: INDEX; Schema: public; Owner: sip
--

CREATE INDEX user_user_user_permissions_user_id_31782f58 ON public.user_user_user_permissions USING btree (user_id);


--
-- Name: user_user_username_e2bdfe0c_like; Type: INDEX; Schema: public; Owner: sip
--

CREATE INDEX user_user_username_e2bdfe0c_like ON public.user_user USING btree (username varchar_pattern_ops);


--
-- Name: aoi_aoi aoi_aoi_type_id_77c13c5e_fk_aoi_aoitype_id; Type: FK CONSTRAINT; Schema: public; Owner: sip
--

ALTER TABLE ONLY public.aoi_aoi
    ADD CONSTRAINT aoi_aoi_type_id_77c13c5e_fk_aoi_aoitype_id FOREIGN KEY (type_id) REFERENCES public.aoi_aoitype(id) DEFERRABLE INITIALLY DEFERRED;


--
-- Name: aoi_aoi aoi_aoi_user_id_10b54171_fk_user_user_id; Type: FK CONSTRAINT; Schema: public; Owner: sip
--

ALTER TABLE ONLY public.aoi_aoi
    ADD CONSTRAINT aoi_aoi_user_id_10b54171_fk_user_user_id FOREIGN KEY (user_id) REFERENCES public.user_user(id) DEFERRABLE INITIALLY DEFERRED;


--
-- Name: aoi_request aoi_request_aoi_id_a780f213_fk_aoi_aoi_id; Type: FK CONSTRAINT; Schema: public; Owner: sip
--

ALTER TABLE ONLY public.aoi_request
    ADD CONSTRAINT aoi_request_aoi_id_a780f213_fk_aoi_aoi_id FOREIGN KEY (aoi_id) REFERENCES public.aoi_aoi(id) DEFERRABLE INITIALLY DEFERRED;


--
-- Name: aoi_request aoi_request_notebook_id_f7bf3b9d_fk_aoi_jupyternotebook_id; Type: FK CONSTRAINT; Schema: public; Owner: sip
--

ALTER TABLE ONLY public.aoi_request
    ADD CONSTRAINT aoi_request_notebook_id_f7bf3b9d_fk_aoi_jupyternotebook_id FOREIGN KEY (notebook_id) REFERENCES public.aoi_jupyternotebook(id) DEFERRABLE INITIALLY DEFERRED;


--
-- Name: aoi_request aoi_request_user_id_9d499769_fk_user_user_id; Type: FK CONSTRAINT; Schema: public; Owner: sip
--

ALTER TABLE ONLY public.aoi_request
    ADD CONSTRAINT aoi_request_user_id_9d499769_fk_user_user_id FOREIGN KEY (user_id) REFERENCES public.user_user(id) DEFERRABLE INITIALLY DEFERRED;


--
-- Name: auth_group_permissions auth_group_permissio_permission_id_84c5c92e_fk_auth_perm; Type: FK CONSTRAINT; Schema: public; Owner: sip
--

ALTER TABLE ONLY public.auth_group_permissions
    ADD CONSTRAINT auth_group_permissio_permission_id_84c5c92e_fk_auth_perm FOREIGN KEY (permission_id) REFERENCES public.auth_permission(id) DEFERRABLE INITIALLY DEFERRED;


--
-- Name: auth_group_permissions auth_group_permissions_group_id_b120cbf9_fk_auth_group_id; Type: FK CONSTRAINT; Schema: public; Owner: sip
--

ALTER TABLE ONLY public.auth_group_permissions
    ADD CONSTRAINT auth_group_permissions_group_id_b120cbf9_fk_auth_group_id FOREIGN KEY (group_id) REFERENCES public.auth_group(id) DEFERRABLE INITIALLY DEFERRED;


--
-- Name: auth_permission auth_permission_content_type_id_2f476e4b_fk_django_co; Type: FK CONSTRAINT; Schema: public; Owner: sip
--

ALTER TABLE ONLY public.auth_permission
    ADD CONSTRAINT auth_permission_content_type_id_2f476e4b_fk_django_co FOREIGN KEY (content_type_id) REFERENCES public.django_content_type(id) DEFERRABLE INITIALLY DEFERRED;


--
-- Name: authtoken_token authtoken_token_user_id_35299eff_fk_user_user_id; Type: FK CONSTRAINT; Schema: public; Owner: sip
--

ALTER TABLE ONLY public.authtoken_token
    ADD CONSTRAINT authtoken_token_user_id_35299eff_fk_user_user_id FOREIGN KEY (user_id) REFERENCES public.user_user(id) DEFERRABLE INITIALLY DEFERRED;


--
-- Name: django_admin_log django_admin_log_content_type_id_c4bce8eb_fk_django_co; Type: FK CONSTRAINT; Schema: public; Owner: sip
--

ALTER TABLE ONLY public.django_admin_log
    ADD CONSTRAINT django_admin_log_content_type_id_c4bce8eb_fk_django_co FOREIGN KEY (content_type_id) REFERENCES public.django_content_type(id) DEFERRABLE INITIALLY DEFERRED;


--
-- Name: django_admin_log django_admin_log_user_id_c564eba6_fk_user_user_id; Type: FK CONSTRAINT; Schema: public; Owner: sip
--

ALTER TABLE ONLY public.django_admin_log
    ADD CONSTRAINT django_admin_log_user_id_c564eba6_fk_user_user_id FOREIGN KEY (user_id) REFERENCES public.user_user(id) DEFERRABLE INITIALLY DEFERRED;


--
-- Name: publisher_acl publisher_acl_user_id_9f5c1ca9_fk_user_user_id; Type: FK CONSTRAINT; Schema: public; Owner: sip
--

ALTER TABLE ONLY public.publisher_acl
    ADD CONSTRAINT publisher_acl_user_id_9f5c1ca9_fk_user_user_id FOREIGN KEY (user_id) REFERENCES public.user_user(id) DEFERRABLE INITIALLY DEFERRED;


--
-- Name: publisher_result publisher_result_request_id_164a445f_fk_aoi_request_id; Type: FK CONSTRAINT; Schema: public; Owner: sip
--

ALTER TABLE ONLY public.publisher_result
    ADD CONSTRAINT publisher_result_request_id_164a445f_fk_aoi_request_id FOREIGN KEY (request_id) REFERENCES public.aoi_request(id) DEFERRABLE INITIALLY DEFERRED;


--
-- Name: user_user_groups user_user_groups_group_id_c57f13c0_fk_auth_group_id; Type: FK CONSTRAINT; Schema: public; Owner: sip
--

ALTER TABLE ONLY public.user_user_groups
    ADD CONSTRAINT user_user_groups_group_id_c57f13c0_fk_auth_group_id FOREIGN KEY (group_id) REFERENCES public.auth_group(id) DEFERRABLE INITIALLY DEFERRED;


--
-- Name: user_user_groups user_user_groups_user_id_13f9a20d_fk_user_user_id; Type: FK CONSTRAINT; Schema: public; Owner: sip
--

ALTER TABLE ONLY public.user_user_groups
    ADD CONSTRAINT user_user_groups_user_id_13f9a20d_fk_user_user_id FOREIGN KEY (user_id) REFERENCES public.user_user(id) DEFERRABLE INITIALLY DEFERRED;


--
-- Name: user_user_user_permissions user_user_user_permi_permission_id_ce49d4de_fk_auth_perm; Type: FK CONSTRAINT; Schema: public; Owner: sip
--

ALTER TABLE ONLY public.user_user_user_permissions
    ADD CONSTRAINT user_user_user_permi_permission_id_ce49d4de_fk_auth_perm FOREIGN KEY (permission_id) REFERENCES public.auth_permission(id) DEFERRABLE INITIALLY DEFERRED;


--
-- Name: user_user_user_permissions user_user_user_permissions_user_id_31782f58_fk_user_user_id; Type: FK CONSTRAINT; Schema: public; Owner: sip
--

ALTER TABLE ONLY public.user_user_user_permissions
    ADD CONSTRAINT user_user_user_permissions_user_id_31782f58_fk_user_user_id FOREIGN KEY (user_id) REFERENCES public.user_user(id) DEFERRABLE INITIALLY DEFERRED;


--
-- PostgreSQL database dump complete
--

